ID,Pred
2019_1101_1113,0.6178370714187622
2019_1101_1120,0.6191105842590332
2019_1101_1124,0.6198366284370422
2019_1101_1125,0.620018720626831
2019_1101_1133,0.6214701533317566
2019_1101_1138,0.6223763227462769
2019_1101_1153,0.6250888705253601
2019_1101_1159,0.626172661781311
2019_1101_1181,0.6301336884498596
2019_1101_1192,0.6321069002151489
2019_1101_1196,0.632823646068573
2019_1101_1199,0.6333609223365784
2019_1101_1205,0.6344338655471802
2019_1101_1209,0.6351490616798401
2019_1101_1211,0.6355065703392029
2019_1101_1222,0.6374672651290894
2019_1101_1233,0.6394250988960266
2019_1101_1234,0.63960200548172
2019_1101_1235,0.6397798657417297
2019_1101_1242,0.6410223245620728
2019_1101_1243,0.6411992907524109
2019_1101_1246,0.6417315006256104
2019_1101_1251,0.6426168084144592
2019_1101_1257,0.6436783075332642
2019_1101_1261,0.6443848013877869
2019_1101_1266,0.6452672481536865
2019_1101_1268,0.6456204056739807
2019_1101_1276,0.6470295786857605
2019_1101_1277,0.6472060084342957
2019_1101_1278,0.6473824381828308
2019_1101_1279,0.6475569605827332
2019_1101_1280,0.6477341651916504
2019_1101_1285,0.6486127972602844
2019_1101_1293,0.6500162482261658
2019_1101_1295,0.6503672003746033
2019_1101_1297,0.6507174372673035
2019_1101_1300,0.6512429118156433
2019_1101_1305,0.6521174311637878
2019_1101_1308,0.6526420712471008
2019_1101_1314,0.6536890268325806
2019_1101_1318,0.6543872356414795
2019_1101_1326,0.6557804346084595
2019_1101_1328,0.6561279892921448
2019_1101_1330,0.656475305557251
2019_1101_1332,0.6568229794502258
2019_1101_1341,0.6583856344223022
2019_1101_1345,0.65907883644104
2019_1101_1371,0.6635667681694031
2019_1101_1385,0.6659716367721558
2019_1101_1387,0.6663137674331665
2019_1101_1388,0.6664853096008301
2019_1101_1393,0.6673410534858704
2019_1101_1396,0.6678540706634521
2019_1101_1397,0.6680251359939575
2019_1101_1403,0.6690500974655151
2019_1101_1414,0.6709254384040833
2019_1101_1416,0.6712653636932373
2019_1101_1429,0.6734724044799805
2019_1101_1433,0.6741496920585632
2019_1101_1436,0.6746575236320496
2019_1101_1437,0.6748270988464355
2019_1101_1438,0.6749959588050842
2019_1101_1439,0.6751644611358643
2019_1101_1449,0.6768521070480347
2019_1101_1458,0.678367555141449
2019_1101_1459,0.6785361170768738
2019_1101_1463,0.6792088150978088
2019_1113_1120,0.6165851950645447
2019_1113_1124,0.6173141002655029
2019_1113_1125,0.6174958348274231
2019_1113_1133,0.6189519166946411
2019_1113_1138,0.6198607683181763
2019_1113_1153,0.6225805282592773
2019_1113_1159,0.6236668229103088
2019_1113_1181,0.6276379823684692
2019_1113_1192,0.6296176910400391
2019_1113_1196,0.63033527135849
2019_1113_1199,0.6308745741844177
2019_1113_1205,0.631951093673706
2019_1113_1209,0.6326674818992615
2019_1113_1211,0.6330254673957825
2019_1113_1222,0.6349932551383972
2019_1113_1233,0.6369555592536926
2019_1113_1234,0.6371340155601501
2019_1113_1235,0.6373122334480286
2019_1113_1242,0.6385581493377686
2019_1113_1243,0.638736367225647
2019_1113_1246,0.6392691731452942
2019_1113_1251,0.6401576399803162
2019_1113_1257,0.6412218809127808
2019_1113_1261,0.641930341720581
2019_1113_1266,0.6428163647651672
2019_1113_1268,0.6431700587272644
2019_1113_1276,0.6445837616920471
2019_1113_1277,0.6447607278823853
2019_1113_1278,0.6449372172355652
2019_1113_1279,0.6451132893562317
2019_1113_1280,0.6452897787094116
2019_1113_1285,0.6461712121963501
2019_1113_1293,0.6475803852081299
2019_1113_1295,0.6479315757751465
2019_1113_1297,0.6482836008071899
2019_1113_1300,0.6488104462623596
2019_1113_1305,0.6496887803077698
2019_1113_1308,0.6502143740653992
2019_1113_1314,0.6512651443481445
2019_1113_1318,0.6519644856452942
2019_1113_1326,0.653363049030304
2019_1113_1328,0.6537116169929504
2019_1113_1330,0.654059886932373
2019_1113_1332,0.6544092297554016
2019_1113_1341,0.655976414680481
2019_1113_1345,0.6566720604896545
2019_1113_1371,0.661175012588501
2019_1113_1385,0.663587749004364
2019_1113_1387,0.6639323234558105
2019_1113_1388,0.6641044020652771
2019_1113_1393,0.664963960647583
2019_1113_1396,0.6654784679412842
2019_1113_1397,0.6656500101089478
2019_1113_1403,0.6666785478591919
2019_1113_1414,0.6685599088668823
2019_1113_1416,0.6689013838768005
2019_1113_1429,0.6711171865463257
2019_1113_1433,0.6717973947525024
2019_1113_1436,0.6723061800003052
2019_1113_1437,0.6724754571914673
2019_1113_1438,0.6726453900337219
2019_1113_1439,0.6728152632713318
2019_1113_1449,0.6745095252990723
2019_1113_1458,0.6760309934616089
2019_1113_1459,0.676200270652771
2019_1113_1463,0.6768745183944702
2019_1120_1124,0.6158396601676941
2019_1120_1125,0.6160218119621277
2019_1120_1133,0.6174796223640442
2019_1120_1138,0.6183890700340271
2019_1120_1153,0.6211138367652893
2019_1120_1159,0.6222014427185059
2019_1120_1181,0.6261788606643677
2019_1120_1192,0.6281611919403076
2019_1120_1196,0.6288811564445496
2019_1120_1199,0.6294211149215698
2019_1120_1205,0.6304989457130432
2019_1120_1209,0.6312160491943359
2019_1120_1211,0.6315752863883972
2019_1120_1222,0.6335456371307373
2019_1120_1233,0.6355112791061401
2019_1120_1234,0.6356906890869141
2019_1120_1235,0.6358690857887268
2019_1120_1242,0.6371170282363892
2019_1120_1243,0.6372960209846497
2019_1120_1246,0.6378297209739685
2019_1120_1251,0.6387199759483337
2019_1120_1257,0.6397855281829834
2019_1120_1261,0.6404953002929688
2019_1120_1266,0.6413826942443848
2019_1120_1268,0.6417370438575745
2019_1120_1276,0.6431535482406616
2019_1120_1277,0.6433306336402893
2019_1120_1278,0.6435070037841797
2019_1120_1279,0.6436846852302551
2019_1120_1280,0.6438608169555664
2019_1120_1285,0.6447430849075317
2019_1120_1293,0.6461546421051025
2019_1120_1295,0.6465070843696594
2019_1120_1297,0.646859884262085
2019_1120_1300,0.6473871469497681
2019_1120_1305,0.6482669711112976
2019_1120_1308,0.648794412612915
2019_1120_1314,0.6498464345932007
2019_1120_1318,0.6505480408668518
2019_1120_1326,0.6519487500190735
2019_1120_1328,0.6522979736328125
2019_1120_1330,0.6526473164558411
2019_1120_1332,0.6529969573020935
2019_1120_1341,0.6545674800872803
2019_1120_1345,0.655264139175415
2019_1120_1371,0.6597756743431091
2019_1120_1385,0.662194550037384
2019_1120_1387,0.6625393629074097
2019_1120_1388,0.6627114415168762
2019_1120_1393,0.6635724306106567
2019_1120_1396,0.6640887260437012
2019_1120_1397,0.6642610430717468
2019_1120_1403,0.6652907133102417
2019_1120_1414,0.6671755909919739
2019_1120_1416,0.6675181984901428
2019_1120_1429,0.6697381138801575
2019_1120_1433,0.6704204678535461
2019_1120_1436,0.6709303259849548
2019_1120_1437,0.6711005568504333
2019_1120_1438,0.6712705492973328
2019_1120_1439,0.6714410185813904
2019_1120_1449,0.6731393337249756
2019_1120_1458,0.6746639609336853
2019_1120_1459,0.6748322248458862
2019_1120_1463,0.6755087375640869
2019_1124_1125,0.6151785850524902
2019_1124_1133,0.6166374087333679
2019_1124_1138,0.6175474524497986
2019_1124_1153,0.6202744245529175
2019_1124_1159,0.6213627457618713
2019_1124_1181,0.6253440976142883
2019_1124_1192,0.627328097820282
2019_1124_1196,0.6280487179756165
2019_1124_1199,0.6285881400108337
2019_1124_1205,0.6296684741973877
2019_1124_1209,0.6303865909576416
2019_1124_1211,0.6307453513145447
2019_1124_1222,0.6327173709869385
2019_1124_1233,0.6346862316131592
2019_1124_1234,0.6348642110824585
2019_1124_1235,0.6350434422492981
2019_1124_1242,0.6362926959991455
2019_1124_1243,0.636471152305603
2019_1124_1246,0.6370058059692383
2019_1124_1251,0.6378964185714722
2019_1124_1257,0.6389639973640442
2019_1124_1261,0.6396744847297668
2019_1124_1266,0.6405627727508545
2019_1124_1268,0.6409170627593994
2019_1124_1276,0.6423349380493164
2019_1124_1277,0.6425119638442993
2019_1124_1278,0.6426889896392822
2019_1124_1279,0.6428659558296204
2019_1124_1280,0.643042802810669
2019_1124_1285,0.6439267992973328
2019_1124_1293,0.6453396677970886
2019_1124_1295,0.6456926465034485
2019_1124_1297,0.6460442543029785
2019_1124_1300,0.6465737223625183
2019_1124_1305,0.6474530100822449
2019_1124_1308,0.6479812860488892
2019_1124_1314,0.6490349769592285
2019_1124_1318,0.6497366428375244
2019_1124_1326,0.6511392593383789
2019_1124_1328,0.6514890193939209
2019_1124_1330,0.6518387198448181
2019_1124_1332,0.6521885395050049
2019_1124_1341,0.6537607312202454
2019_1124_1345,0.6544579863548279
2019_1124_1371,0.6589756011962891
2019_1124_1385,0.6613962054252625
2019_1124_1387,0.661742091178894
2019_1124_1388,0.6619150042533875
2019_1124_1393,0.6627761721611023
2019_1124_1396,0.6632927656173706
2019_1124_1397,0.6634641885757446
2019_1124_1403,0.6644975543022156
2019_1124_1414,0.6663843989372253
2019_1124_1416,0.6667265892028809
2019_1124_1429,0.6689499020576477
2019_1124_1433,0.6696321368217468
2019_1124_1436,0.6701427102088928
2019_1124_1437,0.6703130602836609
2019_1124_1438,0.6704835295677185
2019_1124_1439,0.6706534028053284
2019_1124_1449,0.6723542809486389
2019_1124_1458,0.6738805770874023
2019_1124_1459,0.6740493774414062
2019_1124_1463,0.6747267246246338
2019_1125_1133,0.6164268851280212
2019_1125_1138,0.6173372268676758
2019_1125_1153,0.6200647354125977
2019_1125_1159,0.6211531162261963
2019_1125_1181,0.6251348853111267
2019_1125_1192,0.627120316028595
2019_1125_1196,0.6278403997421265
2019_1125_1199,0.6283813118934631
2019_1125_1205,0.6294601559638977
2019_1125_1209,0.6301794052124023
2019_1125_1211,0.6305376887321472
2019_1125_1222,0.6325110197067261
2019_1125_1233,0.6344802379608154
2019_1125_1234,0.6346578598022461
2019_1125_1235,0.6348370909690857
2019_1125_1242,0.6360862851142883
2019_1125_1243,0.6362648010253906
2019_1125_1246,0.6368003487586975
2019_1125_1251,0.6376909017562866
2019_1125_1257,0.6387577056884766
2019_1125_1261,0.6394700407981873
2019_1125_1266,0.6403571963310242
2019_1125_1268,0.6407132744789124
2019_1125_1276,0.6421306133270264
2019_1125_1277,0.6423081755638123
2019_1125_1278,0.6424850225448608
2019_1125_1279,0.642661988735199
2019_1125_1280,0.6428387761116028
2019_1125_1285,0.6437232494354248
2019_1125_1293,0.6451358795166016
2019_1125_1295,0.6454883813858032
2019_1125_1297,0.6458414793014526
2019_1125_1300,0.6463698744773865
2019_1125_1305,0.6472501754760742
2019_1125_1308,0.6477791666984558
2019_1125_1314,0.6488324403762817
2019_1125_1318,0.6495345234870911
2019_1125_1326,0.6509372591972351
2019_1125_1328,0.651287317276001
2019_1125_1330,0.651637852191925
2019_1125_1332,0.6519871950149536
2019_1125_1341,0.653559148311615
2019_1125_1345,0.6542574763298035
2019_1125_1371,0.6587750911712646
2019_1125_1385,0.6611977815628052
2019_1125_1387,0.6615427732467651
2019_1125_1388,0.661715030670166
2019_1125_1393,0.6625770330429077
2019_1125_1396,0.6630932092666626
2019_1125_1397,0.6632663607597351
2019_1125_1403,0.6642982363700867
2019_1125_1414,0.6661871075630188
2019_1125_1416,0.6665293574333191
2019_1125_1429,0.6687523126602173
2019_1125_1433,0.6694349646568298
2019_1125_1436,0.6699461340904236
2019_1125_1437,0.6701173186302185
2019_1125_1438,0.6702873706817627
2019_1125_1439,0.6704575419425964
2019_1125_1449,0.6721584796905518
2019_1125_1458,0.6736851334571838
2019_1125_1459,0.6738547086715698
2019_1125_1463,0.6745310425758362
2019_1133_1138,0.6156524419784546
2019_1133_1153,0.6183836460113525
2019_1133_1159,0.6194745898246765
2019_1133_1181,0.6234638094902039
2019_1133_1192,0.6254520416259766
2019_1133_1196,0.6261732578277588
2019_1133_1199,0.6267149448394775
2019_1133_1205,0.6277964115142822
2019_1133_1209,0.6285159587860107
2019_1133_1211,0.6288758516311646
2019_1133_1222,0.6308526396751404
2019_1133_1233,0.6328248977661133
2019_1133_1234,0.6330032348632812
2019_1133_1235,0.6331827044487
2019_1133_1242,0.6344347596168518
2019_1133_1243,0.6346136927604675
2019_1133_1246,0.6351504325866699
2019_1133_1251,0.6360422968864441
2019_1133_1257,0.637112021446228
2019_1133_1261,0.637824535369873
2019_1133_1266,0.6387143135070801
2019_1133_1268,0.6390698552131653
2019_1133_1276,0.6404911279678345
2019_1133_1277,0.6406682729721069
2019_1133_1278,0.6408456563949585
2019_1133_1279,0.6410226821899414
2019_1133_1280,0.6412003040313721
2019_1133_1285,0.6420862078666687
2019_1133_1293,0.643502414226532
2019_1133_1295,0.6438555717468262
2019_1133_1297,0.6442093253135681
2019_1133_1300,0.6447391510009766
2019_1133_1305,0.6456218361854553
2019_1133_1308,0.6461501121520996
2019_1133_1314,0.64720618724823
2019_1133_1318,0.6479096412658691
2019_1133_1326,0.649315595626831
2019_1133_1328,0.6496663689613342
2019_1133_1330,0.6500168442726135
2019_1133_1332,0.6503676176071167
2019_1133_1341,0.6519433856010437
2019_1133_1345,0.6526433229446411
2019_1133_1371,0.6571716666221619
2019_1133_1385,0.6595984101295471
2019_1133_1387,0.6599442362785339
2019_1133_1388,0.6601176261901855
2019_1133_1393,0.6609809994697571
2019_1133_1396,0.6614996194839478
2019_1133_1397,0.6616716384887695
2019_1133_1403,0.6627074480056763
2019_1133_1414,0.6645990610122681
2019_1133_1416,0.6649425029754639
2019_1133_1429,0.6671712398529053
2019_1133_1433,0.6678555011749268
2019_1133_1436,0.6683688163757324
2019_1133_1437,0.6685384511947632
2019_1133_1438,0.6687096357345581
2019_1133_1439,0.6688799262046814
2019_1133_1449,0.6705846786499023
2019_1133_1458,0.6721159815788269
2019_1133_1459,0.6722857356071472
2019_1133_1463,0.6729647517204285
2019_1138_1153,0.6173320412635803
2019_1138_1159,0.6184232234954834
2019_1138_1181,0.6224168539047241
2019_1138_1192,0.6244074702262878
2019_1138_1196,0.6251305937767029
2019_1138_1199,0.6256716847419739
2019_1138_1205,0.6267541646957397
2019_1138_1209,0.6274749636650085
2019_1138_1211,0.6278353333473206
2019_1138_1222,0.6298142671585083
2019_1138_1233,0.631788969039917
2019_1138_1234,0.6319689154624939
2019_1138_1235,0.6321479082107544
2019_1138_1242,0.6334008574485779
2019_1138_1243,0.6335799098014832
2019_1138_1246,0.6341167092323303
2019_1138_1251,0.6350101232528687
2019_1138_1257,0.6360812783241272
2019_1138_1261,0.63679438829422
2019_1138_1266,0.6376848816871643
2019_1138_1268,0.6380414962768555
2019_1138_1276,0.6394646763801575
2019_1138_1277,0.6396423578262329
2019_1138_1278,0.6398192644119263
2019_1138_1279,0.6399974822998047
2019_1138_1280,0.6401751637458801
2019_1138_1285,0.6410614848136902
2019_1138_1293,0.6424793004989624
2019_1138_1295,0.6428337097167969
2019_1138_1297,0.6431872844696045
2019_1138_1300,0.6437180042266846
2019_1138_1305,0.6446015238761902
2019_1138_1308,0.6451307535171509
2019_1138_1314,0.6461881995201111
2019_1138_1318,0.6468935012817383
2019_1138_1326,0.6483002305030823
2019_1138_1328,0.6486508250236511
2019_1138_1330,0.6490030884742737
2019_1138_1332,0.6493544578552246
2019_1138_1341,0.6509321331977844
2019_1138_1345,0.6516321301460266
2019_1138_1371,0.6561673879623413
2019_1138_1385,0.6585975885391235
2019_1138_1387,0.658944308757782
2019_1138_1388,0.6591163277626038
2019_1138_1393,0.6599826812744141
2019_1138_1396,0.6605014801025391
2019_1138_1397,0.660673975944519
2019_1138_1403,0.6617093682289124
2019_1138_1414,0.663605272769928
2019_1138_1416,0.6639494299888611
2019_1138_1429,0.6661809682846069
2019_1138_1433,0.6668667197227478
2019_1138_1436,0.6673797965049744
2019_1138_1437,0.6675510406494141
2019_1138_1438,0.6677214503288269
2019_1138_1439,0.6678938865661621
2019_1138_1449,0.6695993542671204
2019_1138_1458,0.671133279800415
2019_1138_1459,0.6713033318519592
2019_1138_1463,0.6719836592674255
2019_1153_1159,0.6152650713920593
2019_1153_1181,0.619270920753479
2019_1153_1192,0.6212676763534546
2019_1153_1196,0.6219924688339233
2019_1153_1199,0.6225361227989197
2019_1153_1205,0.6236225962638855
2019_1153_1209,0.624345064163208
2019_1153_1211,0.624707043170929
2019_1153_1222,0.6266928315162659
2019_1153_1233,0.6286745071411133
2019_1153_1234,0.628853440284729
2019_1153_1235,0.6290337443351746
2019_1153_1242,0.6302917003631592
2019_1153_1243,0.6304717063903809
2019_1153_1246,0.6310105919837952
2019_1153_1251,0.6319065093994141
2019_1153_1257,0.6329815983772278
2019_1153_1261,0.6336973309516907
2019_1153_1266,0.6345913410186768
2019_1153_1268,0.6349493265151978
2019_1153_1276,0.6363778710365295
2019_1153_1277,0.6365557909011841
2019_1153_1278,0.6367335319519043
2019_1153_1279,0.6369115710258484
2019_1153_1280,0.6370900273323059
2019_1153_1285,0.6379808783531189
2019_1153_1293,0.6394034624099731
2019_1153_1295,0.6397587060928345
2019_1153_1297,0.640113890171051
2019_1153_1300,0.6406465768814087
2019_1153_1305,0.6415334343910217
2019_1153_1308,0.6420650482177734
2019_1153_1314,0.6431267261505127
2019_1153_1318,0.6438333988189697
2019_1153_1326,0.6452465653419495
2019_1153_1328,0.6455998420715332
2019_1153_1330,0.6459519863128662
2019_1153_1332,0.646304190158844
2019_1153_1341,0.647888720035553
2019_1153_1345,0.6485920548439026
2019_1153_1371,0.6531452536582947
2019_1153_1385,0.6555851697921753
2019_1153_1387,0.6559342741966248
2019_1153_1388,0.6561078429222107
2019_1153_1393,0.6569762825965881
2019_1153_1396,0.6574974656105042
2019_1153_1397,0.6576706767082214
2019_1153_1403,0.6587117910385132
2019_1153_1414,0.6606159806251526
2019_1153_1416,0.6609595417976379
2019_1153_1429,0.6632024645805359
2019_1153_1433,0.6638906598091125
2019_1153_1436,0.6644061803817749
2019_1153_1437,0.6645783185958862
2019_1153_1438,0.6647490859031677
2019_1153_1439,0.6649214029312134
2019_1153_1449,0.6666359901428223
2019_1153_1458,0.6681765913963318
2019_1153_1459,0.6683471202850342
2019_1153_1463,0.6690306067466736
2019_1159_1181,0.6180086731910706
2019_1159_1192,0.6200088262557983
2019_1159_1196,0.620734453201294
2019_1159_1199,0.6212790608406067
2019_1159_1205,0.6223662495613098
2019_1159_1209,0.6230908632278442
2019_1159_1211,0.6234519481658936
2019_1159_1222,0.625440776348114
2019_1159_1233,0.6274254322052002
2019_1159_1234,0.6276042461395264
2019_1159_1235,0.6277853846549988
2019_1159_1242,0.6290449500083923
2019_1159_1243,0.6292246580123901
2019_1159_1246,0.6297643184661865
2019_1159_1251,0.6306623816490173
2019_1159_1257,0.6317379474639893
2019_1159_1261,0.6324558854103088
2019_1159_1266,0.6333503723144531
2019_1159_1268,0.6337085962295532
2019_1159_1276,0.6351386904716492
2019_1159_1277,0.635317862033844
2019_1159_1278,0.6354964375495911
2019_1159_1279,0.6356747150421143
2019_1159_1280,0.6358532905578613
2019_1159_1285,0.636744499206543
2019_1159_1293,0.6381694078445435
2019_1159_1295,0.6385250687599182
2019_1159_1297,0.6388809680938721
2019_1159_1300,0.6394146680831909
2019_1159_1305,0.6403027176856995
2019_1159_1308,0.6408351063728333
2019_1159_1314,0.6418986916542053
2019_1159_1318,0.6426068544387817
2019_1159_1326,0.6440215110778809
2019_1159_1328,0.6443746089935303
2019_1159_1330,0.644728422164917
2019_1159_1332,0.6450817584991455
2019_1159_1341,0.6466675996780396
2019_1159_1345,0.6473720073699951
2019_1159_1371,0.6519324779510498
2019_1159_1385,0.654378354549408
2019_1159_1387,0.6547260284423828
2019_1159_1388,0.6549005508422852
2019_1159_1393,0.6557701826095581
2019_1159_1396,0.6562924385070801
2019_1159_1397,0.656466543674469
2019_1159_1403,0.6575081944465637
2019_1159_1414,0.6594154238700867
2019_1159_1416,0.6597613096237183
2019_1159_1429,0.6620068550109863
2019_1159_1433,0.6626958250999451
2019_1159_1436,0.6632126569747925
2019_1159_1437,0.6633855104446411
2019_1159_1438,0.663557231426239
2019_1159_1439,0.663729727268219
2019_1159_1449,0.6654468774795532
2019_1159_1458,0.6669896245002747
2019_1159_1459,0.6671615839004517
2019_1159_1463,0.6678454875946045
2019_1181_1192,0.6153787970542908
2019_1181_1196,0.6161089539527893
2019_1181_1199,0.6166552305221558
2019_1181_1205,0.6177481412887573
2019_1181_1209,0.6184753179550171
2019_1181_1211,0.618838906288147
2019_1181_1222,0.6208369731903076
2019_1181_1233,0.6228306293487549
2019_1181_1234,0.6230119466781616
2019_1181_1235,0.6231931447982788
2019_1181_1242,0.6244586706161499
2019_1181_1243,0.6246401071548462
2019_1181_1246,0.6251819133758545
2019_1181_1251,0.6260848641395569
2019_1181_1257,0.6271660327911377
2019_1181_1261,0.6278864145278931
2019_1181_1266,0.6287866830825806
2019_1181_1268,0.6291459202766418
2019_1181_1276,0.6305834650993347
2019_1181_1277,0.630763828754425
2019_1181_1278,0.6309426426887512
2019_1181_1279,0.6311219334602356
2019_1181_1280,0.6313017010688782
2019_1181_1285,0.6321978569030762
2019_1181_1293,0.6336302757263184
2019_1181_1295,0.6339885592460632
2019_1181_1297,0.6343457102775574
2019_1181_1300,0.6348825693130493
2019_1181_1305,0.6357754468917847
2019_1181_1308,0.6363109350204468
2019_1181_1314,0.6373792290687561
2019_1181_1318,0.6380921006202698
2019_1181_1326,0.6395148038864136
2019_1181_1328,0.639870285987854
2019_1181_1330,0.6402246952056885
2019_1181_1332,0.6405810117721558
2019_1181_1341,0.6421763300895691
2019_1181_1345,0.6428840756416321
2019_1181_1371,0.6474705338478088
2019_1181_1385,0.6499300599098206
2019_1181_1387,0.6502808928489685
2019_1181_1388,0.6504566669464111
2019_1181_1393,0.6513314247131348
2019_1181_1396,0.6518573760986328
2019_1181_1397,0.6520316004753113
2019_1181_1403,0.6530804634094238
2019_1181_1414,0.6549988389015198
2019_1181_1416,0.6553468704223633
2019_1181_1429,0.6576063632965088
2019_1181_1433,0.6583000421524048
2019_1181_1436,0.6588197350502014
2019_1181_1437,0.658993124961853
2019_1181_1438,0.6591659784317017
2019_1181_1439,0.6593402028083801
2019_1181_1449,0.6610686182975769
2019_1181_1458,0.6626207232475281
2019_1181_1459,0.6627939343452454
2019_1181_1463,0.6634830832481384
2019_1192_1196,0.6137891411781311
2019_1192_1199,0.6143366098403931
2019_1192_1205,0.6154314279556274
2019_1192_1209,0.6161606311798096
2019_1192_1211,0.6165252923965454
2019_1192_1222,0.618527889251709
2019_1192_1233,0.6205261945724487
2019_1192_1234,0.6207079887390137
2019_1192_1235,0.6208893060684204
2019_1192_1242,0.6221581697463989
2019_1192_1243,0.6223394274711609
2019_1192_1246,0.6228829622268677
2019_1192_1251,0.6237874031066895
2019_1192_1257,0.624872088432312
2019_1192_1261,0.6255944967269897
2019_1192_1266,0.626495897769928
2019_1192_1268,0.6268572211265564
2019_1192_1276,0.628298282623291
2019_1192_1277,0.6284789443016052
2019_1192_1278,0.6286582350730896
2019_1192_1279,0.6288384199142456
2019_1192_1280,0.6290180087089539
2019_1192_1285,0.6299168467521667
2019_1192_1293,0.6313532590866089
2019_1192_1295,0.6317121386528015
2019_1192_1297,0.6320696473121643
2019_1192_1300,0.6326084136962891
2019_1192_1305,0.6335024833679199
2019_1192_1308,0.6340405941009521
2019_1192_1314,0.6351118683815002
2019_1192_1318,0.6358264088630676
2019_1192_1326,0.6372530460357666
2019_1192_1328,0.6376086473464966
2019_1192_1330,0.6379655003547668
2019_1192_1332,0.638321578502655
2019_1192_1341,0.6399216055870056
2019_1192_1345,0.6406306028366089
2019_1192_1371,0.645230770111084
2019_1192_1385,0.647698163986206
2019_1192_1387,0.6480497121810913
2019_1192_1388,0.6482245922088623
2019_1192_1393,0.6491032242774963
2019_1192_1396,0.6496300101280212
2019_1192_1397,0.6498046517372131
2019_1192_1403,0.6508562564849854
2019_1192_1414,0.6527808308601379
2019_1192_1416,0.6531308889389038
2019_1192_1429,0.6553969979286194
2019_1192_1433,0.6560932993888855
2019_1192_1436,0.6566141843795776
2019_1192_1437,0.6567882895469666
2019_1192_1438,0.6569610238075256
2019_1192_1439,0.6571357846260071
2019_1192_1449,0.6588693261146545
2019_1192_1458,0.6604268550872803
2019_1192_1459,0.6606000065803528
2019_1192_1463,0.6612920761108398
2019_1196_1199,0.6134912967681885
2019_1196_1205,0.6145876049995422
2019_1196_1209,0.615317702293396
2019_1196_1211,0.6156818866729736
2019_1196_1222,0.6176859736442566
2019_1196_1233,0.6196867823600769
2019_1196_1234,0.6198673844337463
2019_1196_1235,0.6200494766235352
2019_1196_1242,0.6213189363479614
2019_1196_1243,0.621501088142395
2019_1196_1246,0.6220448017120361
2019_1196_1251,0.6229502558708191
2019_1196_1257,0.6240350008010864
2019_1196_1261,0.6247585415840149
2019_1196_1266,0.6256619691848755
2019_1196_1268,0.6260226964950562
2019_1196_1276,0.6274654865264893
2019_1196_1277,0.6276456117630005
2019_1196_1278,0.6278259754180908
2019_1196_1279,0.6280054450035095
2019_1196_1280,0.6281852722167969
2019_1196_1285,0.62908536195755
2019_1196_1293,0.6305233836174011
2019_1196_1295,0.6308814883232117
2019_1196_1297,0.6312404870986938
2019_1196_1300,0.6317794322967529
2019_1196_1305,0.6326749324798584
2019_1196_1308,0.6332123875617981
2019_1196_1314,0.6342856884002686
2019_1196_1318,0.6349999308586121
2019_1196_1326,0.6364282965660095
2019_1196_1328,0.6367844343185425
2019_1196_1330,0.6371408700942993
2019_1196_1332,0.6374981999397278
2019_1196_1341,0.6390990018844604
2019_1196_1345,0.6398102045059204
2019_1196_1371,0.6444140076637268
2019_1196_1385,0.6468835473060608
2019_1196_1387,0.6472349762916565
2019_1196_1388,0.6474115252494812
2019_1196_1393,0.6482910513877869
2019_1196_1396,0.6488174796104431
2019_1196_1397,0.6489933729171753
2019_1196_1403,0.650046706199646
2019_1196_1414,0.6519725322723389
2019_1196_1416,0.6523222327232361
2019_1196_1429,0.6545916199684143
2019_1196_1433,0.6552877426147461
2019_1196_1436,0.6558099389076233
2019_1196_1437,0.6559836864471436
2019_1196_1438,0.6561572551727295
2019_1196_1439,0.6563320159912109
2019_1196_1449,0.6580676436424255
2019_1196_1458,0.6596269607543945
2019_1196_1459,0.6598003506660461
2019_1196_1463,0.6604915261268616
2019_1199_1205,0.6139544248580933
2019_1199_1209,0.61468505859375
2019_1199_1211,0.6150494813919067
2019_1199_1222,0.61705482006073
2019_1199_1233,0.619056761264801
2019_1199_1234,0.6192386746406555
2019_1199_1235,0.6194195747375488
2019_1199_1242,0.6206907629966736
2019_1199_1243,0.6208720803260803
2019_1199_1246,0.6214167475700378
2019_1199_1251,0.6223220229148865
2019_1199_1257,0.6234086155891418
2019_1199_1261,0.6241320967674255
2019_1199_1266,0.6250352263450623
2019_1199_1268,0.6253971457481384
2019_1199_1276,0.6268404722213745
2019_1199_1277,0.627021074295044
2019_1199_1278,0.6272011995315552
2019_1199_1279,0.6273811459541321
2019_1199_1280,0.6275618672370911
2019_1199_1285,0.6284610033035278
2019_1199_1293,0.629900336265564
2019_1199_1295,0.63025963306427
2019_1199_1297,0.6306179165840149
2019_1199_1300,0.6311569809913635
2019_1199_1305,0.6320534348487854
2019_1199_1308,0.6325918436050415
2019_1199_1314,0.6336649656295776
2019_1199_1318,0.6343808770179749
2019_1199_1326,0.6358102560043335
2019_1199_1328,0.636165976524353
2019_1199_1330,0.6365233063697815
2019_1199_1332,0.6368798613548279
2019_1199_1341,0.6384830474853516
2019_1199_1345,0.6391944289207458
2019_1199_1371,0.6438023447990417
2019_1199_1385,0.6462728977203369
2019_1199_1387,0.6466256976127625
2019_1199_1388,0.6468007564544678
2019_1199_1393,0.6476810574531555
2019_1199_1396,0.6482082605361938
2019_1199_1397,0.6483840942382812
2019_1199_1403,0.6494375467300415
2019_1199_1414,0.6513657569885254
2019_1199_1416,0.6517162919044495
2019_1199_1429,0.6539865136146545
2019_1199_1433,0.6546847224235535
2019_1199_1436,0.6552062034606934
2019_1199_1437,0.6553806662559509
2019_1199_1438,0.6555542349815369
2019_1199_1439,0.6557287573814392
2019_1199_1449,0.6574665904045105
2019_1199_1458,0.6590266823768616
2019_1199_1459,0.6591999530792236
2019_1199_1463,0.6598926186561584
2019_1205_1209,0.6134171485900879
2019_1205_1211,0.6137828826904297
2019_1205_1222,0.6157905459403992
2019_1205_1233,0.6177950501441956
2019_1205_1234,0.6179764866828918
2019_1205_1235,0.6181586384773254
2019_1205_1242,0.6194310784339905
2019_1205_1243,0.6196135878562927
2019_1205_1246,0.6201574802398682
2019_1205_1251,0.6210647225379944
2019_1205_1257,0.6221526861190796
2019_1205_1261,0.6228765249252319
2019_1205_1266,0.6237817406654358
2019_1205_1268,0.6241430640220642
2019_1205_1276,0.6255892515182495
2019_1205_1277,0.6257696747779846
2019_1205_1278,0.6259502172470093
2019_1205_1279,0.6261300444602966
2019_1205_1280,0.6263104677200317
2019_1205_1285,0.6272116899490356
2019_1205_1293,0.6286530494689941
2019_1205_1295,0.6290127635002136
2019_1205_1297,0.6293723583221436
2019_1205_1300,0.6299108266830444
2019_1205_1305,0.6308091282844543
2019_1205_1308,0.6313478946685791
2019_1205_1314,0.6324225068092346
2019_1205_1318,0.6331392526626587
2019_1205_1326,0.6345708966255188
2019_1205_1328,0.6349271535873413
2019_1205_1330,0.6352847218513489
2019_1205_1332,0.6356420516967773
2019_1205_1341,0.6372472047805786
2019_1205_1345,0.6379600167274475
2019_1205_1371,0.6425745487213135
2019_1205_1385,0.6450492143630981
2019_1205_1387,0.6454026699066162
2019_1205_1388,0.6455787420272827
2019_1205_1393,0.6464599370956421
2019_1205_1396,0.6469879746437073
2019_1205_1397,0.6471637487411499
2019_1205_1403,0.6482202410697937
2019_1205_1414,0.6501505970954895
2019_1205_1416,0.650500476360321
2019_1205_1429,0.6527756452560425
2019_1205_1433,0.6534744501113892
2019_1205_1436,0.6539965867996216
2019_1205_1437,0.654171884059906
2019_1205_1438,0.6543460488319397
2019_1205_1439,0.6545201539993286
2019_1205_1449,0.6562609076499939
2019_1205_1458,0.6578238606452942
2019_1205_1459,0.6579972505569458
2019_1205_1463,0.6586916446685791
2019_1209_1211,0.6129381060600281
2019_1209_1222,0.6149464845657349
2019_1209_1233,0.6169531345367432
2019_1209_1234,0.6171343326568604
2019_1209_1235,0.6173167824745178
2019_1209_1242,0.6185906529426575
2019_1209_1243,0.6187720894813538
2019_1209_1246,0.6193177700042725
2019_1209_1251,0.6202258467674255
2019_1209_1257,0.6213140487670898
2019_1209_1261,0.6220393776893616
2019_1209_1266,0.6229447722434998
2019_1209_1268,0.6233068108558655
2019_1209_1276,0.624753475189209
2019_1209_1277,0.6249337792396545
2019_1209_1278,0.6251147985458374
2019_1209_1279,0.6252954006195068
2019_1209_1280,0.6254764199256897
2019_1209_1285,0.6263785362243652
2019_1209_1293,0.6278200149536133
2019_1209_1295,0.6281810402870178
2019_1209_1297,0.6285402774810791
2019_1209_1300,0.6290798783302307
2019_1209_1305,0.6299782991409302
2019_1209_1308,0.6305173635482788
2019_1209_1314,0.6315940022468567
2019_1209_1318,0.6323112845420837
2019_1209_1326,0.6337442994117737
2019_1209_1328,0.6341015696525574
2019_1209_1330,0.6344588994979858
2019_1209_1332,0.6348159909248352
2019_1209_1341,0.6364226341247559
2019_1209_1345,0.6371361017227173
2019_1209_1371,0.6417564153671265
2019_1209_1385,0.644233226776123
2019_1209_1387,0.6445861458778381
2019_1209_1388,0.6447625756263733
2019_1209_1393,0.6456446647644043
2019_1209_1396,0.646172821521759
2019_1209_1397,0.6463499665260315
2019_1209_1403,0.6474055051803589
2019_1209_1414,0.6493393182754517
2019_1209_1416,0.6496902108192444
2019_1209_1429,0.6519673466682434
2019_1209_1433,0.6526663303375244
2019_1209_1436,0.6531897187232971
2019_1209_1437,0.6533643007278442
2019_1209_1438,0.653539776802063
2019_1209_1439,0.6537137627601624
2019_1209_1449,0.6554561853408813
2019_1209_1458,0.657020628452301
2019_1209_1459,0.6571954488754272
2019_1209_1463,0.6578896045684814
2019_1211_1222,0.6145248413085938
2019_1211_1233,0.6165319681167603
2019_1211_1234,0.6167134642601013
2019_1211_1235,0.6168965697288513
2019_1211_1242,0.6181703805923462
2019_1211_1243,0.6183521151542664
2019_1211_1246,0.6188968420028687
2019_1211_1251,0.6198059916496277
2019_1211_1257,0.620894730091095
2019_1211_1261,0.6216199994087219
2019_1211_1266,0.6225266456604004
2019_1211_1268,0.6228890419006348
2019_1211_1276,0.6243360638618469
2019_1211_1277,0.6245163679122925
2019_1211_1278,0.6246973872184753
2019_1211_1279,0.6248775124549866
2019_1211_1280,0.6250585317611694
2019_1211_1285,0.6259616017341614
2019_1211_1293,0.6274033188819885
2019_1211_1295,0.6277638673782349
2019_1211_1297,0.6281245350837708
2019_1211_1300,0.6286638975143433
2019_1211_1305,0.6295636296272278
2019_1211_1308,0.6301025748252869
2019_1211_1314,0.6311796307563782
2019_1211_1318,0.6318969130516052
2019_1211_1326,0.6333304047584534
2019_1211_1328,0.6336883306503296
2019_1211_1330,0.6340454816818237
2019_1211_1332,0.634402871131897
2019_1211_1341,0.6360106468200684
2019_1211_1345,0.6367245316505432
2019_1211_1371,0.6413463950157166
2019_1211_1385,0.6438246369361877
2019_1211_1387,0.6441781520843506
2019_1211_1388,0.6443544030189514
2019_1211_1393,0.6452369689941406
2019_1211_1396,0.6457662582397461
2019_1211_1397,0.6459432244300842
2019_1211_1403,0.6470000743865967
2019_1211_1414,0.6489336490631104
2019_1211_1416,0.649284839630127
2019_1211_1429,0.651561975479126
2019_1211_1433,0.6522634029388428
2019_1211_1436,0.6527867913246155
2019_1211_1437,0.6529613733291626
2019_1211_1438,0.6531356573104858
2019_1211_1439,0.653310239315033
2019_1211_1449,0.6550536155700684
2019_1211_1458,0.6566194891929626
2019_1211_1459,0.6567934155464172
2019_1211_1463,0.6574886441230774
2019_1222_1233,0.6142116785049438
2019_1222_1234,0.614393949508667
2019_1222_1235,0.6145765781402588
2019_1222_1242,0.6158534288406372
2019_1222_1243,0.6160362362861633
2019_1222_1246,0.6165829300880432
2019_1222_1251,0.6174941062927246
2019_1222_1257,0.6185844540596008
2019_1222_1261,0.6193122267723083
2019_1222_1266,0.6202207803726196
2019_1222_1268,0.6205834746360779
2019_1222_1276,0.6220340132713318
2019_1222_1277,0.6222156882286072
2019_1222_1278,0.6223964691162109
2019_1222_1279,0.6225773096084595
2019_1222_1280,0.6227593421936035
2019_1222_1285,0.6236635446548462
2019_1222_1293,0.6251091957092285
2019_1222_1295,0.6254709959030151
2019_1222_1297,0.6258319020271301
2019_1222_1300,0.6263726353645325
2019_1222_1305,0.6272739171981812
2019_1222_1308,0.6278151273727417
2019_1222_1314,0.6288941502571106
2019_1222_1318,0.6296141147613525
2019_1222_1326,0.631050705909729
2019_1222_1328,0.6314093470573425
2019_1222_1330,0.6317681670188904
2019_1222_1332,0.6321271061897278
2019_1222_1341,0.6337383985519409
2019_1222_1345,0.6344536542892456
2019_1222_1371,0.6390886902809143
2019_1222_1385,0.6415733098983765
2019_1222_1387,0.6419281363487244
2019_1222_1388,0.6421055197715759
2019_1222_1393,0.6429898738861084
2019_1222_1396,0.6435209512710571
2019_1222_1397,0.6436973810195923
2019_1222_1403,0.6447574496269226
2019_1222_1414,0.646697461605072
2019_1222_1416,0.647049069404602
2019_1222_1429,0.649333655834198
2019_1222_1433,0.6500362753868103
2019_1222_1436,0.6505606770515442
2019_1222_1437,0.6507366299629211
2019_1222_1438,0.650911808013916
2019_1222_1439,0.65108722448349
2019_1222_1449,0.652836263179779
2019_1222_1458,0.6544054746627808
2019_1222_1459,0.6545810699462891
2019_1222_1463,0.6552779674530029
2019_1233_1234,0.6120693683624268
2019_1233_1235,0.6122523546218872
2019_1233_1242,0.6135320663452148
2019_1233_1243,0.6137146353721619
2019_1233_1246,0.6142633557319641
2019_1233_1251,0.6151760816574097
2019_1233_1257,0.6162697076797485
2019_1233_1261,0.6169991493225098
2019_1233_1266,0.6179088950157166
2019_1233_1268,0.6182737350463867
2019_1233_1276,0.6197270750999451
2019_1233_1277,0.6199090480804443
2019_1233_1278,0.6200903058052063
2019_1233_1279,0.6202718019485474
2019_1233_1280,0.620453417301178
2019_1233_1285,0.6213605999946594
2019_1233_1293,0.6228098273277283
2019_1233_1295,0.6231719851493835
2019_1233_1297,0.6235337853431702
2019_1233_1300,0.6240761280059814
2019_1233_1305,0.6249802112579346
2019_1233_1308,0.6255226731300354
2019_1233_1314,0.626604437828064
2019_1233_1318,0.6273252964019775
2019_1233_1326,0.6287657618522644
2019_1233_1328,0.6291258335113525
2019_1233_1330,0.6294856667518616
2019_1233_1332,0.6298450231552124
2019_1233_1341,0.631460428237915
2019_1233_1345,0.6321782469749451
2019_1233_1371,0.6368248462677002
2019_1233_1385,0.6393168568611145
2019_1233_1387,0.6396721005439758
2019_1233_1388,0.6398497223854065
2019_1233_1393,0.6407368183135986
2019_1233_1396,0.641269326210022
2019_1233_1397,0.6414467096328735
2019_1233_1403,0.6425092816352844
2019_1233_1414,0.6444553136825562
2019_1233_1416,0.6448084115982056
2019_1233_1429,0.647098958492279
2019_1233_1433,0.6478023529052734
2019_1233_1436,0.6483297944068909
2019_1233_1437,0.648506224155426
2019_1233_1438,0.6486817002296448
2019_1233_1439,0.6488577723503113
2019_1233_1449,0.6506109237670898
2019_1233_1458,0.6521862149238586
2019_1233_1459,0.6523619890213013
2019_1233_1463,0.6530601978302002
2019_1234_1235,0.6120412349700928
2019_1234_1242,0.6133212447166443
2019_1234_1243,0.6135045886039734
2019_1234_1246,0.6140524744987488
2019_1234_1251,0.6149654388427734
2019_1234_1257,0.6160590052604675
2019_1234_1261,0.6167888641357422
2019_1234_1266,0.6176986694335938
2019_1234_1268,0.6180629730224609
2019_1234_1276,0.6195178031921387
2019_1234_1277,0.6196997165679932
2019_1234_1278,0.6198803782463074
2019_1234_1279,0.6200616955757141
2019_1234_1280,0.6202436685562134
2019_1234_1285,0.6211512684822083
2019_1234_1293,0.6226001977920532
2019_1234_1295,0.6229626536369324
2019_1234_1297,0.6233252882957458
2019_1234_1300,0.6238684058189392
2019_1234_1305,0.624772310256958
2019_1234_1308,0.6253137588500977
2019_1234_1314,0.6263964772224426
2019_1234_1318,0.6271172165870667
2019_1234_1326,0.6285579800605774
2019_1234_1328,0.6289177536964417
2019_1234_1330,0.6292775273323059
2019_1234_1332,0.6296376585960388
2019_1234_1341,0.6312534213066101
2019_1234_1345,0.6319713592529297
2019_1234_1371,0.6366183757781982
2019_1234_1385,0.6391109824180603
2019_1234_1387,0.6394662261009216
2019_1234_1388,0.6396444439888
2019_1234_1393,0.6405318975448608
2019_1234_1396,0.6410643458366394
2019_1234_1397,0.6412418484687805
2019_1234_1403,0.6423057913780212
2019_1234_1414,0.6442511081695557
2019_1234_1416,0.6446036100387573
2019_1234_1429,0.6468966007232666
2019_1234_1433,0.647599458694458
2019_1234_1436,0.6481273770332336
2019_1234_1437,0.6483031511306763
2019_1234_1438,0.6484783291816711
2019_1234_1439,0.648654043674469
2019_1234_1449,0.6504086852073669
2019_1234_1458,0.6519843935966492
2019_1234_1459,0.652160108089447
2019_1234_1463,0.6528586149215698
2019_1235_1242,0.6131091117858887
2019_1235_1243,0.6132931709289551
2019_1235_1246,0.6138414144515991
2019_1235_1251,0.6147541999816895
2019_1235_1257,0.6158484816551208
2019_1235_1261,0.6165774464607239
2019_1235_1266,0.6174882054328918
2019_1235_1268,0.617852509021759
2019_1235_1276,0.6193071603775024
2019_1235_1277,0.6194889545440674
2019_1235_1278,0.6196699142456055
2019_1235_1279,0.6198524832725525
2019_1235_1280,0.6200339794158936
2019_1235_1285,0.620940625667572
2019_1235_1293,0.6223911643028259
2019_1235_1295,0.6227536797523499
2019_1235_1297,0.6231155395507812
2019_1235_1300,0.623658299446106
2019_1235_1305,0.6245632767677307
2019_1235_1308,0.625105082988739
2019_1235_1314,0.6261868476867676
2019_1235_1318,0.6269086599349976
2019_1235_1326,0.6283499598503113
2019_1235_1328,0.6287099719047546
2019_1235_1330,0.629069983959198
2019_1235_1332,0.6294291615486145
2019_1235_1341,0.6310461163520813
2019_1235_1345,0.6317628026008606
2019_1235_1371,0.6364122629165649
2019_1235_1385,0.6389055848121643
2019_1235_1387,0.6392616629600525
2019_1235_1388,0.6394392251968384
2019_1235_1393,0.6403266191482544
2019_1235_1396,0.6408599615097046
2019_1235_1397,0.6410370469093323
2019_1235_1403,0.6421006917953491
2019_1235_1414,0.6440463066101074
2019_1235_1416,0.6443995833396912
2019_1235_1429,0.6466922760009766
2019_1235_1433,0.6473963260650635
2019_1235_1436,0.647923469543457
2019_1235_1437,0.6480991840362549
2019_1235_1438,0.6482748985290527
2019_1235_1439,0.648451566696167
2019_1235_1449,0.6502063274383545
2019_1235_1458,0.6517824530601501
2019_1235_1459,0.6519569158554077
2019_1235_1463,0.6526569724082947
2019_1242_1243,0.6118119955062866
2019_1242_1246,0.6123608946800232
2019_1242_1251,0.6132762432098389
2019_1242_1257,0.6143712401390076
2019_1242_1261,0.6151013970375061
2019_1242_1266,0.6160136461257935
2019_1242_1268,0.6163780689239502
2019_1242_1276,0.6178342700004578
2019_1242_1277,0.6180171966552734
2019_1242_1278,0.6181991100311279
2019_1242_1279,0.6183808445930481
2019_1242_1280,0.6185632944107056
2019_1242_1285,0.6194712519645691
2019_1242_1293,0.620923638343811
2019_1242_1295,0.6212866902351379
2019_1242_1297,0.6216498613357544
2019_1242_1300,0.6221929788589478
2019_1242_1305,0.6230983138084412
2019_1242_1308,0.623641312122345
2019_1242_1314,0.6247259974479675
2019_1242_1318,0.6254491209983826
2019_1242_1326,0.6268924474716187
2019_1242_1328,0.6272526979446411
2019_1242_1330,0.6276128888130188
2019_1242_1332,0.6279729008674622
2019_1242_1341,0.6295918822288513
2019_1242_1345,0.6303106546401978
2019_1242_1371,0.6349679827690125
2019_1242_1385,0.6374654769897461
2019_1242_1387,0.637821614742279
2019_1242_1388,0.6379994750022888
2019_1242_1393,0.6388890743255615
2019_1242_1396,0.6394223570823669
2019_1242_1397,0.6395999789237976
2019_1242_1403,0.6406651139259338
2019_1242_1414,0.642615020275116
2019_1242_1416,0.6429691314697266
2019_1242_1429,0.6452651023864746
2019_1242_1433,0.6459711194038391
2019_1242_1436,0.6464987397193909
2019_1242_1437,0.646675169467926
2019_1242_1438,0.6468515396118164
2019_1242_1439,0.6470273733139038
2019_1242_1449,0.6487862467765808
2019_1242_1458,0.6503644585609436
2019_1242_1459,0.6505404114723206
2019_1242_1463,0.6512405872344971
2019_1243_1246,0.612149715423584
2019_1243_1251,0.6130635142326355
2019_1243_1257,0.6141608357429504
2019_1243_1261,0.6148905754089355
2019_1243_1266,0.6158027648925781
2019_1243_1268,0.6161673069000244
2019_1243_1276,0.6176250576972961
2019_1243_1277,0.6178072094917297
2019_1243_1278,0.6179891228675842
2019_1243_1279,0.618170976638794
2019_1243_1280,0.6183529496192932
2019_1243_1285,0.6192616820335388
2019_1243_1293,0.6207149028778076
2019_1243_1295,0.6210774779319763
2019_1243_1297,0.6214395761489868
2019_1243_1300,0.6219842433929443
2019_1243_1305,0.6228888034820557
2019_1243_1308,0.623432993888855
2019_1243_1314,0.6245171427726746
2019_1243_1318,0.6252403259277344
2019_1243_1326,0.6266833543777466
2019_1243_1328,0.6270440816879272
2019_1243_1330,0.6274041533470154
2019_1243_1332,0.6277651190757751
2019_1243_1341,0.6293846964836121
2019_1243_1345,0.6301038861274719
2019_1243_1371,0.6347609758377075
2019_1243_1385,0.6372592449188232
2019_1243_1387,0.6376161575317383
2019_1243_1388,0.6377934217453003
2019_1243_1393,0.638683557510376
2019_1243_1396,0.6392164826393127
2019_1243_1397,0.6393944025039673
2019_1243_1403,0.6404598355293274
2019_1243_1414,0.6424108147621155
2019_1243_1416,0.6427643299102783
2019_1243_1429,0.6450620889663696
2019_1243_1433,0.6457675099372864
2019_1243_1436,0.646295964717865
2019_1243_1437,0.6464722156524658
2019_1243_1438,0.6466479301452637
2019_1243_1439,0.6468241214752197
2019_1243_1449,0.6485822796821594
2019_1243_1458,0.6501619815826416
2019_1243_1459,0.6503375768661499
2019_1243_1463,0.6510383486747742
2019_1246_1251,0.6124299764633179
2019_1246_1257,0.6135271191596985
2019_1246_1261,0.6142575740814209
2019_1246_1266,0.6151702404022217
2019_1246_1268,0.6155358552932739
2019_1246_1276,0.6169934868812561
2019_1246_1277,0.6171761155128479
2019_1246_1278,0.6173579692840576
2019_1246_1279,0.6175398826599121
2019_1246_1280,0.6177217960357666
2019_1246_1285,0.6186313629150391
2019_1246_1293,0.6200850009918213
2019_1246_1295,0.6204482316970825
2019_1246_1297,0.620810329914093
2019_1246_1300,0.6213554739952087
2019_1246_1305,0.6222608089447021
2019_1246_1308,0.6228053569793701
2019_1246_1314,0.6238898038864136
2019_1246_1318,0.6246135234832764
2019_1246_1326,0.6260582208633423
2019_1246_1328,0.6264186501502991
2019_1246_1330,0.6267794370651245
2019_1246_1332,0.6271405220031738
2019_1246_1341,0.6287617683410645
2019_1246_1345,0.6294801831245422
2019_1246_1371,0.6341411471366882
2019_1246_1385,0.6366420388221741
2019_1246_1387,0.6369986534118652
2019_1246_1388,0.6371755003929138
2019_1246_1393,0.6380665302276611
2019_1246_1396,0.6386003494262695
2019_1246_1397,0.6387777328491211
2019_1246_1403,0.6398445963859558
2019_1246_1414,0.6417958736419678
2019_1246_1416,0.6421507000923157
2019_1246_1429,0.6444497108459473
2019_1246_1433,0.6451557278633118
2019_1246_1436,0.6456841230392456
2019_1246_1437,0.6458607316017151
2019_1246_1438,0.6460368633270264
2019_1246_1439,0.6462132334709167
2019_1246_1449,0.6479731202125549
2019_1246_1458,0.649554431438446
2019_1246_1459,0.6497302055358887
2019_1246_1463,0.6504314541816711
2019_1251_1257,0.6124699115753174
2019_1251_1261,0.613201916217804
2019_1251_1266,0.6141151785850525
2019_1251_1268,0.6144813299179077
2019_1251_1276,0.6159403920173645
2019_1251_1277,0.6161227226257324
2019_1251_1278,0.616304337978363
2019_1251_1279,0.6164869070053101
2019_1251_1280,0.6166693568229675
2019_1251_1285,0.6175801753997803
2019_1251_1293,0.6190341711044312
2019_1251_1295,0.6193985342979431
2019_1251_1297,0.6197616457939148
2019_1251_1300,0.6203063130378723
2019_1251_1305,0.6212137341499329
2019_1251_1308,0.6217572093009949
2019_1251_1314,0.6228445768356323
2019_1251_1318,0.6235678791999817
2019_1251_1326,0.6250142455101013
2019_1251_1328,0.6253758072853088
2019_1251_1330,0.6257376074790955
2019_1251_1332,0.626097559928894
2019_1251_1341,0.6277205348014832
2019_1251_1345,0.6284410357475281
2019_1251_1371,0.6331072449684143
2019_1251_1385,0.6356104612350464
2019_1251_1387,0.6359677910804749
2019_1251_1388,0.6361455321311951
2019_1251_1393,0.6370359659194946
2019_1251_1396,0.6375719308853149
2019_1251_1397,0.6377496123313904
2019_1251_1403,0.6388167142868042
2019_1251_1414,0.6407715678215027
2019_1251_1416,0.6411256790161133
2019_1251_1429,0.6434276103973389
2019_1251_1433,0.6441348791122437
2019_1251_1436,0.6446647644042969
2019_1251_1437,0.6448418498039246
2019_1251_1438,0.645017147064209
2019_1251_1439,0.6451939344406128
2019_1251_1449,0.6469560861587524
2019_1251_1458,0.6485397219657898
2019_1251_1459,0.648715615272522
2019_1251_1463,0.6494175791740417
2019_1257_1261,0.6119324564933777
2019_1257_1266,0.6128469705581665
2019_1257_1268,0.6132129430770874
2019_1257_1276,0.6146745681762695
2019_1257_1277,0.6148574948310852
2019_1257_1278,0.6150397062301636
2019_1257_1279,0.6152212619781494
2019_1257_1280,0.6154040098190308
2019_1257_1285,0.6163155436515808
2019_1257_1293,0.6177732944488525
2019_1257_1295,0.6181365847587585
2019_1257_1297,0.6184999942779541
2019_1257_1300,0.6190468668937683
2019_1257_1305,0.6199544668197632
2019_1257_1308,0.6204999089241028
2019_1257_1314,0.6215867400169373
2019_1257_1318,0.6223119497299194
2019_1257_1326,0.6237603425979614
2019_1257_1328,0.6241220235824585
2019_1257_1330,0.6244842410087585
2019_1257_1332,0.6248452663421631
2019_1257_1341,0.6264694333076477
2019_1257_1345,0.6271912455558777
2019_1257_1371,0.6318638324737549
2019_1257_1385,0.6343709230422974
2019_1257_1387,0.6347283720970154
2019_1257_1388,0.6349067091941833
2019_1257_1393,0.6357998251914978
2019_1257_1396,0.6363348960876465
2019_1257_1397,0.6365135312080383
2019_1257_1403,0.6375823020935059
2019_1257_1414,0.6395394206047058
2019_1257_1416,0.6398947238922119
2019_1257_1429,0.6422005295753479
2019_1257_1433,0.6429080963134766
2019_1257_1436,0.6434386968612671
2019_1257_1437,0.6436154842376709
2019_1257_1438,0.6437923908233643
2019_1257_1439,0.6439685821533203
2019_1257_1449,0.6457340717315674
2019_1257_1458,0.647319495677948
2019_1257_1459,0.6474955677986145
2019_1257_1463,0.6481995582580566
2019_1261_1266,0.6120015382766724
2019_1261_1268,0.6123677492141724
2019_1261_1276,0.61383056640625
2019_1261_1277,0.6140126585960388
2019_1261_1278,0.6141949892044067
2019_1261_1279,0.6143777966499329
2019_1261_1280,0.6145601272583008
2019_1261_1285,0.6154736876487732
2019_1261_1293,0.6169310808181763
2019_1261_1295,0.6172956228256226
2019_1261_1297,0.617659330368042
2019_1261_1300,0.6182060241699219
2019_1261_1305,0.6191149950027466
2019_1261_1308,0.6196602582931519
2019_1261_1314,0.6207494735717773
2019_1261_1318,0.6214737296104431
2019_1261_1326,0.6229236125946045
2019_1261_1328,0.6232858300209045
2019_1261_1330,0.6236478686332703
2019_1261_1332,0.624009370803833
2019_1261_1341,0.6256359219551086
2019_1261_1345,0.6263576149940491
2019_1261_1371,0.6310351490974426
2019_1261_1385,0.6335440278053284
2019_1261_1387,0.6339016556739807
2019_1261_1388,0.6340808272361755
2019_1261_1393,0.63497394323349
2019_1261_1396,0.6355106234550476
2019_1261_1397,0.6356884837150574
2019_1261_1403,0.6367596387863159
2019_1261_1414,0.638718843460083
2019_1261_1416,0.6390725374221802
2019_1261_1429,0.641381561756134
2019_1261_1433,0.6420900821685791
2019_1261_1436,0.6426218152046204
2019_1261_1437,0.6427978277206421
2019_1261_1438,0.6429740190505981
2019_1261_1439,0.6431517004966736
2019_1261_1449,0.6449183225631714
2019_1261_1458,0.6465058922767639
2019_1261_1459,0.6466823220252991
2019_1261_1463,0.647386372089386
2019_1266_1268,0.6113089919090271
2019_1266_1276,0.6127734184265137
2019_1266_1277,0.6129561066627502
2019_1266_1278,0.6131386160850525
2019_1266_1279,0.6133220195770264
2019_1266_1280,0.6135047078132629
2019_1266_1285,0.6144172549247742
2019_1266_1293,0.6158773303031921
2019_1266_1295,0.6162421703338623
2019_1266_1297,0.6166070699691772
2019_1266_1300,0.6171530485153198
2019_1266_1305,0.6180630922317505
2019_1266_1308,0.6186095476150513
2019_1266_1314,0.6196986436843872
2019_1266_1318,0.6204251646995544
2019_1266_1326,0.6218767166137695
2019_1266_1328,0.6222386956214905
2019_1266_1330,0.6226011514663696
2019_1266_1332,0.6229637265205383
2019_1266_1341,0.6245916485786438
2019_1266_1345,0.6253143548965454
2019_1266_1371,0.629997193813324
2019_1266_1385,0.6325088143348694
2019_1266_1387,0.632867693901062
2019_1266_1388,0.6330462098121643
2019_1266_1393,0.6339406967163086
2019_1266_1396,0.6344771981239319
2019_1266_1397,0.6346555352210999
2019_1266_1403,0.6357279419898987
2019_1266_1414,0.6376887559890747
2019_1266_1416,0.6380445957183838
2019_1266_1429,0.6403551697731018
2019_1266_1433,0.6410650610923767
2019_1266_1436,0.6415965557098389
2019_1266_1437,0.6417738199234009
2019_1266_1438,0.6419510841369629
2019_1266_1439,0.6421293020248413
2019_1266_1449,0.6438977718353271
2019_1266_1458,0.6454867124557495
2019_1266_1459,0.6456632614135742
2019_1266_1463,0.6463692784309387
2019_1268_1276,0.6123514771461487
2019_1268_1277,0.6125339865684509
2019_1268_1278,0.612716019153595
2019_1268_1279,0.6128989458084106
2019_1268_1280,0.613082230091095
2019_1268_1285,0.6139950752258301
2019_1268_1293,0.615455687046051
2019_1268_1295,0.6158210039138794
2019_1268_1297,0.6161855459213257
2019_1268_1300,0.6167325973510742
2019_1268_1305,0.6176427602767944
2019_1268_1308,0.6181882619857788
2019_1268_1314,0.6192795038223267
2019_1268_1318,0.6200055480003357
2019_1268_1326,0.6214577555656433
2019_1268_1328,0.6218202114105225
2019_1268_1330,0.6221827268600464
2019_1268_1332,0.6225445866584778
2019_1268_1341,0.624173104763031
2019_1268_1345,0.6248969435691833
2019_1268_1371,0.6295817494392395
2019_1268_1385,0.6320934295654297
2019_1268_1387,0.6324530243873596
2019_1268_1388,0.6326324343681335
2019_1268_1393,0.6335272789001465
2019_1268_1396,0.6340639591217041
2019_1268_1397,0.6342429518699646
2019_1268_1403,0.6353147029876709
2019_1268_1414,0.6372774243354797
2019_1268_1416,0.6376328468322754
2019_1268_1429,0.6399462819099426
2019_1268_1433,0.640655517578125
2019_1268_1436,0.6411868929862976
2019_1268_1437,0.6413648128509521
2019_1268_1438,0.6415413022041321
2019_1268_1439,0.6417190432548523
2019_1268_1449,0.6434887647628784
2019_1268_1458,0.6450789570808411
2019_1268_1459,0.6452555656433105
2019_1268_1463,0.6459607481956482
2019_1276_1277,0.6108402609825134
2019_1276_1278,0.6110233664512634
2019_1276_1279,0.6112063527107239
2019_1276_1280,0.6113898158073425
2019_1276_1285,0.6123043298721313
2019_1276_1293,0.6137670874595642
2019_1276_1295,0.6141329407691956
2019_1276_1297,0.6144980788230896
2019_1276_1300,0.615045428276062
2019_1276_1305,0.6159581542015076
2019_1276_1308,0.6165047883987427
2019_1276_1314,0.6175974607467651
2019_1276_1318,0.6183252930641174
2019_1276_1326,0.6197790503501892
2019_1276_1328,0.6201416850090027
2019_1276_1330,0.6205054521560669
2019_1276_1332,0.6208683252334595
2019_1276_1341,0.6225001215934753
2019_1276_1345,0.6232242584228516
2019_1276_1371,0.6279172897338867
2019_1276_1385,0.6304356455802917
2019_1276_1387,0.630794882774353
2019_1276_1388,0.6309739351272583
2019_1276_1393,0.6318698525428772
2019_1276_1396,0.6324086785316467
2019_1276_1397,0.632587194442749
2019_1276_1403,0.6336618065834045
2019_1276_1414,0.6356273889541626
2019_1276_1416,0.6359848976135254
2019_1276_1429,0.6383004784584045
2019_1276_1433,0.6390126347541809
2019_1276_1436,0.6395447850227356
2019_1276_1437,0.6397234201431274
2019_1276_1438,0.6399004459381104
2019_1276_1439,0.6400783658027649
2019_1276_1449,0.641852617263794
2019_1276_1458,0.6434447765350342
2019_1276_1459,0.6436224579811096
2019_1276_1463,0.6443288922309875
2019_1277_1278,0.6108118891716003
2019_1277_1279,0.6109945178031921
2019_1277_1280,0.6111769676208496
2019_1277_1285,0.6120929718017578
2019_1277_1293,0.6135563254356384
2019_1277_1295,0.6139213442802429
2019_1277_1297,0.6142866015434265
2019_1277_1300,0.6148350834846497
2019_1277_1305,0.6157472729682922
2019_1277_1308,0.6162936091423035
2019_1277_1314,0.6173868775367737
2019_1277_1318,0.6181146502494812
2019_1277_1326,0.6195685863494873
2019_1277_1328,0.6199315786361694
2019_1277_1330,0.6202955842018127
2019_1277_1332,0.620658278465271
2019_1277_1341,0.6222901344299316
2019_1277_1345,0.6230146288871765
2019_1277_1371,0.6277093291282654
2019_1277_1385,0.63022780418396
2019_1277_1387,0.6305861473083496
2019_1277_1388,0.6307661533355713
2019_1277_1393,0.6316633224487305
2019_1277_1396,0.6322011947631836
2019_1277_1397,0.6323792338371277
2019_1277_1403,0.6334553360939026
2019_1277_1414,0.6354212760925293
2019_1277_1416,0.6357781887054443
2019_1277_1429,0.6380955576896667
2019_1277_1433,0.6388067007064819
2019_1277_1436,0.6393400430679321
2019_1277_1437,0.6395176649093628
2019_1277_1438,0.6396951675415039
2019_1277_1439,0.6398731470108032
2019_1277_1449,0.641646683216095
2019_1277_1458,0.6432403922080994
2019_1277_1459,0.6434175372123718
2019_1277_1463,0.6441246271133423
2019_1278_1279,0.6107823848724365
2019_1278_1280,0.6109660863876343
2019_1278_1285,0.6118822693824768
2019_1278_1293,0.6133444905281067
2019_1278_1295,0.6137104630470276
2019_1278_1297,0.6140758395195007
2019_1278_1300,0.6146239042282104
2019_1278_1305,0.6155357956886292
2019_1278_1308,0.6160830855369568
2019_1278_1314,0.6171764731407166
2019_1278_1318,0.6179043650627136
2019_1278_1326,0.6193589568138123
2019_1278_1328,0.6197225451469421
2019_1278_1330,0.6200863122940063
2019_1278_1332,0.6204483509063721
2019_1278_1341,0.6220811009407043
2019_1278_1345,0.6228054761886597
2019_1278_1371,0.6275008916854858
2019_1278_1385,0.6300205588340759
2019_1278_1387,0.6303789615631104
2019_1278_1388,0.6305589079856873
2019_1278_1393,0.6314553022384644
2019_1278_1396,0.631994366645813
2019_1278_1397,0.632173478603363
2019_1278_1403,0.6332479119300842
2019_1278_1414,0.6352153420448303
2019_1278_1416,0.6355723738670349
2019_1278_1429,0.6378896236419678
2019_1278_1433,0.6386011838912964
2019_1278_1436,0.6391344666481018
2019_1278_1437,0.6393129229545593
2019_1278_1438,0.6394898891448975
2019_1278_1439,0.6396675705909729
2019_1278_1449,0.6414427757263184
2019_1278_1458,0.6430361270904541
2019_1278_1459,0.6432138085365295
2019_1278_1463,0.6439202427864075
2019_1279_1280,0.6107543706893921
2019_1279_1285,0.611670196056366
2019_1279_1293,0.61313396692276
2019_1279_1295,0.613499641418457
2019_1279_1297,0.6138649582862854
2019_1279_1300,0.6144130229949951
2019_1279_1305,0.6153256893157959
2019_1279_1308,0.6158724427223206
2019_1279_1314,0.6169657111167908
2019_1279_1318,0.6176936626434326
2019_1279_1326,0.6191492676734924
2019_1279_1328,0.6195131540298462
2019_1279_1330,0.6198751330375671
2019_1279_1332,0.6202389001846313
2019_1279_1341,0.6218716502189636
2019_1279_1345,0.6225961446762085
2019_1279_1371,0.6272927522659302
2019_1279_1385,0.6298122406005859
2019_1279_1387,0.6301714777946472
2019_1279_1388,0.6303519606590271
2019_1279_1393,0.6312484741210938
2019_1279_1396,0.6317873001098633
2019_1279_1397,0.6319659948348999
2019_1279_1403,0.6330416202545166
2019_1279_1414,0.6350083351135254
2019_1279_1416,0.6353655457496643
2019_1279_1429,0.637684166431427
2019_1279_1433,0.6383960843086243
2019_1279_1436,0.6389293074607849
2019_1279_1437,0.639106810092926
2019_1279_1438,0.639284610748291
2019_1279_1439,0.6394625902175903
2019_1279_1449,0.6412374973297119
2019_1279_1458,0.6428322196006775
2019_1279_1459,0.6430086493492126
2019_1279_1463,0.6437162756919861
2019_1280_1285,0.6114581823348999
2019_1280_1293,0.6129221320152283
2019_1280_1295,0.6132882833480835
2019_1280_1297,0.6136531829833984
2019_1280_1300,0.6142013072967529
2019_1280_1305,0.6151136159896851
2019_1280_1308,0.6156623959541321
2019_1280_1314,0.6167544722557068
2019_1280_1318,0.6174840927124023
2019_1280_1326,0.6189395785331726
2019_1280_1328,0.6193020343780518
2019_1280_1330,0.6196660995483398
2019_1280_1332,0.6200290322303772
2019_1280_1341,0.6216621398925781
2019_1280_1345,0.6223871111869812
2019_1280_1371,0.6270847320556641
2019_1280_1385,0.6296047568321228
2019_1280_1387,0.6299641728401184
2019_1280_1388,0.6301434636116028
2019_1280_1393,0.6310412287712097
2019_1280_1396,0.6315791010856628
2019_1280_1397,0.6317592263221741
2019_1280_1403,0.6328332424163818
2019_1280_1414,0.6348020434379578
2019_1280_1416,0.6351595520973206
2019_1280_1429,0.637477457523346
2019_1280_1433,0.6381897926330566
2019_1280_1436,0.6387229561805725
2019_1280_1437,0.6389015913009644
2019_1280_1438,0.6390788555145264
2019_1280_1439,0.6392573118209839
2019_1280_1449,0.6410323977470398
2019_1280_1458,0.6426265835762024
2019_1280_1459,0.6428039073944092
2019_1280_1463,0.6435123682022095
2019_1285_1293,0.6118641495704651
2019_1285_1295,0.6122303009033203
2019_1285_1297,0.6125963926315308
2019_1285_1300,0.6131451725959778
2019_1285_1305,0.6140584945678711
2019_1285_1308,0.6146067976951599
2019_1285_1314,0.6157011389732361
2019_1285_1318,0.6164303421974182
2019_1285_1326,0.6178876757621765
2019_1285_1328,0.6182515621185303
2019_1285_1330,0.6186151504516602
2019_1285_1332,0.6189785003662109
2019_1285_1341,0.6206130981445312
2019_1285_1345,0.6213402152061462
2019_1285_1371,0.6260414123535156
2019_1285_1385,0.6285644173622131
2019_1285_1387,0.6289248466491699
2019_1285_1388,0.6291046142578125
2019_1285_1393,0.6300027966499329
2019_1285_1396,0.6305415630340576
2019_1285_1397,0.6307220458984375
2019_1285_1403,0.6317976117134094
2019_1285_1414,0.6337680220603943
2019_1285_1416,0.6341260671615601
2019_1285_1429,0.6364474892616272
2019_1285_1433,0.6371607184410095
2019_1285_1436,0.6376942992210388
2019_1285_1437,0.6378726959228516
2019_1285_1438,0.6380505561828613
2019_1285_1439,0.6382285356521606
2019_1285_1449,0.6400066614151001
2019_1285_1458,0.6416030526161194
2019_1285_1459,0.6417809128761292
2019_1285_1463,0.6424893736839294
2019_1293_1295,0.610537052154541
2019_1293_1297,0.6109041571617126
2019_1293_1300,0.6114532351493835
2019_1293_1305,0.6123679280281067
2019_1293_1308,0.6129171848297119
2019_1293_1314,0.6140131950378418
2019_1293_1318,0.6147438883781433
2019_1293_1326,0.6162031888961792
2019_1293_1328,0.6165665984153748
2019_1293_1330,0.616931676864624
2019_1293_1332,0.6172966361045837
2019_1293_1341,0.6189343929290771
2019_1293_1345,0.619659960269928
2019_1293_1371,0.6243717074394226
2019_1293_1385,0.6268990635871887
2019_1293_1387,0.6272600293159485
2019_1293_1388,0.6274402141571045
2019_1293_1393,0.6283397674560547
2019_1293_1396,0.6288799047470093
2019_1293_1397,0.6290594935417175
2019_1293_1403,0.6301392912864685
2019_1293_1414,0.6321120262145996
2019_1293_1416,0.6324706673622131
2019_1293_1429,0.6347969770431519
2019_1293_1433,0.6355107426643372
2019_1293_1436,0.6360453963279724
2019_1293_1437,0.6362244486808777
2019_1293_1438,0.6364027261734009
2019_1293_1439,0.6365821361541748
2019_1293_1449,0.6383634805679321
2019_1293_1458,0.6399623155593872
2019_1293_1459,0.6401403546333313
2019_1293_1463,0.6408499479293823
2019_1295_1297,0.6104797720909119
2019_1295_1300,0.6110303997993469
2019_1295_1305,0.6119451522827148
2019_1295_1308,0.6124938726425171
2019_1295_1314,0.6135909557342529
2019_1295_1318,0.6143209338188171
2019_1295_1326,0.615781843662262
2019_1295_1328,0.6161460280418396
2019_1295_1330,0.6165110468864441
2019_1295_1332,0.6168741583824158
2019_1295_1341,0.6185125112533569
2019_1295_1345,0.6192409992218018
2019_1295_1371,0.6239535212516785
2019_1295_1385,0.6264809966087341
2019_1295_1387,0.6268425583839417
2019_1295_1388,0.6270235180854797
2019_1295_1393,0.6279236674308777
2019_1295_1396,0.6284635066986084
2019_1295_1397,0.6286440491676331
2019_1295_1403,0.6297228932380676
2019_1295_1414,0.6316977739334106
2019_1295_1416,0.632055401802063
2019_1295_1429,0.6343840956687927
2019_1295_1433,0.6350979804992676
2019_1295_1436,0.6356338262557983
2019_1295_1437,0.6358125805854797
2019_1295_1438,0.6359902024269104
2019_1295_1439,0.6361687779426575
2019_1295_1449,0.6379502415657043
2019_1295_1458,0.6395518779754639
2019_1295_1459,0.6397296190261841
2019_1295_1463,0.6404396891593933
2019_1297_1300,0.6106062531471252
2019_1297_1305,0.6115221977233887
2019_1297_1308,0.6120719909667969
2019_1297_1314,0.6131683588027954
2019_1297_1318,0.6138997673988342
2019_1297_1326,0.6153601408004761
2019_1297_1328,0.6157246232032776
2019_1297_1330,0.6160895824432373
2019_1297_1332,0.6164538860321045
2019_1297_1341,0.618092954158783
2019_1297_1345,0.6188209652900696
2019_1297_1371,0.6235356330871582
2019_1297_1385,0.6260653138160706
2019_1297_1387,0.6264261603355408
2019_1297_1388,0.626606285572052
2019_1297_1393,0.6275076866149902
2019_1297_1396,0.6280472874641418
2019_1297_1397,0.6282275319099426
2019_1297_1403,0.6293071508407593
2019_1297_1414,0.6312835812568665
2019_1297_1416,0.6316415667533875
2019_1297_1429,0.6339701414108276
2019_1297_1433,0.6346848011016846
2019_1297_1436,0.635221004486084
2019_1297_1437,0.6353999972343445
2019_1297_1438,0.6355776786804199
2019_1297_1439,0.6357565522193909
2019_1297_1449,0.6375386714935303
2019_1297_1458,0.6391401290893555
2019_1297_1459,0.6393185257911682
2019_1297_1463,0.6400302052497864
2019_1300_1305,0.6108861565589905
2019_1300_1308,0.6114364862442017
2019_1300_1314,0.6125333905220032
2019_1300_1318,0.6132656931877136
2019_1300_1326,0.6147273778915405
2019_1300_1328,0.6150916218757629
2019_1300_1330,0.6154564619064331
2019_1300_1332,0.6158218383789062
2019_1300_1341,0.617461621761322
2019_1300_1345,0.6181895732879639
2019_1300_1371,0.6229077577590942
2019_1300_1385,0.6254390478134155
2019_1300_1387,0.6258001923561096
2019_1300_1388,0.6259803771972656
2019_1300_1393,0.6268826127052307
2019_1300_1396,0.6274234652519226
2019_1300_1397,0.6276030540466309
2019_1300_1403,0.6286835074424744
2019_1300_1414,0.6306601166725159
2019_1300_1416,0.6310195922851562
2019_1300_1429,0.6333497762680054
2019_1300_1433,0.6340656280517578
2019_1300_1436,0.6346009373664856
2019_1300_1437,0.6347801089286804
2019_1300_1438,0.6349582672119141
2019_1300_1439,0.6351367831230164
2019_1300_1449,0.6369217038154602
2019_1300_1458,0.6385239958763123
2019_1300_1459,0.6387022137641907
2019_1300_1463,0.6394137144088745
2019_1305_1308,0.610377311706543
2019_1305_1314,0.6114761829376221
2019_1305_1318,0.6122083067893982
2019_1305_1326,0.6136711239814758
2019_1305_1328,0.6140369176864624
2019_1305_1330,0.6144019365310669
2019_1305_1332,0.6147667765617371
2019_1305_1341,0.6164082288742065
2019_1305_1345,0.6171371936798096
2019_1305_1371,0.6218602657318115
2019_1305_1385,0.6243947744369507
2019_1305_1387,0.6247560381889343
2019_1305_1388,0.6249369978904724
2019_1305_1393,0.625838577747345
2019_1305_1396,0.6263810396194458
2019_1305_1397,0.62656170129776
2019_1305_1403,0.6276424527168274
2019_1305_1414,0.6296225786209106
2019_1305_1416,0.629981279373169
2019_1305_1429,0.6323139071464539
2019_1305_1433,0.6330304145812988
2019_1305_1436,0.6335670948028564
2019_1305_1437,0.633746862411499
2019_1305_1438,0.6339248418807983
2019_1305_1439,0.6341037154197693
2019_1305_1449,0.6358906030654907
2019_1305_1458,0.6374948620796204
2019_1305_1459,0.6376736164093018
2019_1305_1463,0.6383847594261169
2019_1308_1314,0.6108413338661194
2019_1308_1318,0.6115731000900269
2019_1308_1326,0.6130368709564209
2019_1308_1328,0.6134027242660522
2019_1308_1330,0.6137687563896179
2019_1308_1332,0.6141342520713806
2019_1308_1341,0.6157760620117188
2019_1308_1345,0.6165059804916382
2019_1308_1371,0.6212314963340759
2019_1308_1385,0.6237677931785583
2019_1308_1387,0.6241296529769897
2019_1308_1388,0.6243106126785278
2019_1308_1393,0.6252126097679138
2019_1308_1396,0.6257548928260803
2019_1308_1397,0.6259355545043945
2019_1308_1403,0.6270176768302917
2019_1308_1414,0.6289995312690735
2019_1308_1416,0.6293578147888184
2019_1308_1429,0.6316930055618286
2019_1308_1433,0.6324095726013184
2019_1308_1436,0.6329464316368103
2019_1308_1437,0.6331260204315186
2019_1308_1438,0.6333047747612
2019_1308_1439,0.6334829926490784
2019_1308_1449,0.635270893573761
2019_1308_1458,0.6368768215179443
2019_1308_1459,0.6370561122894287
2019_1308_1463,0.6377673149108887
2019_1314_1318,0.6103032827377319
2019_1314_1326,0.6117681264877319
2019_1314_1328,0.6121337413787842
2019_1314_1330,0.6125006675720215
2019_1314_1332,0.6128664016723633
2019_1314_1341,0.6145104765892029
2019_1314_1345,0.6152411699295044
2019_1314_1371,0.6199730038642883
2019_1314_1385,0.6225123405456543
2019_1314_1387,0.6228746771812439
2019_1314_1388,0.6230549812316895
2019_1314_1393,0.6239596009254456
2019_1314_1396,0.6245018839836121
2019_1314_1397,0.6246829032897949
2019_1314_1403,0.6257661581039429
2019_1314_1414,0.6277500987052917
2019_1314_1416,0.628110408782959
2019_1314_1429,0.6304478049278259
2019_1314_1433,0.631165623664856
2019_1314_1436,0.63170325756073
2019_1314_1437,0.6318831443786621
2019_1314_1438,0.6320622563362122
2019_1314_1439,0.6322416067123413
2019_1314_1449,0.6340311169624329
2019_1314_1458,0.6356391906738281
2019_1314_1459,0.6358190178871155
2019_1314_1463,0.6365324258804321
2019_1318_1326,0.6109203696250916
2019_1318_1328,0.6112876534461975
2019_1318_1330,0.6116538047790527
2019_1318_1332,0.6120200157165527
2019_1318_1341,0.613665759563446
2019_1318_1345,0.6143965721130371
2019_1318_1371,0.6191323399543762
2019_1318_1385,0.6216743588447571
2019_1318_1387,0.6220363974571228
2019_1318_1388,0.6222176551818848
2019_1318_1393,0.6231237053871155
2019_1318_1396,0.623665988445282
2019_1318_1397,0.623847246170044
2019_1318_1403,0.6249313950538635
2019_1318_1414,0.6269171833992004
2019_1318_1416,0.6272767782211304
2019_1318_1429,0.6296164989471436
2019_1318_1433,0.6303351521492004
2019_1318_1436,0.6308733820915222
2019_1318_1437,0.63105309009552
2019_1318_1438,0.6312329769134521
2019_1318_1439,0.6314122080802917
2019_1318_1449,0.6332046389579773
2019_1318_1458,0.6348137259483337
2019_1318_1459,0.6349931955337524
2019_1318_1463,0.6357066631317139
2019_1326_1328,0.6095924377441406
2019_1326_1330,0.609958827495575
2019_1326_1332,0.6103246212005615
2019_1326_1341,0.6119735836982727
2019_1326_1345,0.6127060055732727
2019_1326_1371,0.6174505352973938
2019_1326_1385,0.6199955344200134
2019_1326_1387,0.6203591227531433
2019_1326_1388,0.6205405592918396
2019_1326_1393,0.6214470267295837
2019_1326_1396,0.6219910383224487
2019_1326_1397,0.622172474861145
2019_1326_1403,0.6232590675354004
2019_1326_1414,0.6252481341362
2019_1326_1416,0.6256085634231567
2019_1326_1429,0.6279523968696594
2019_1326_1433,0.62867271900177
2019_1326_1436,0.6292125582695007
2019_1326_1437,0.629391610622406
2019_1326_1438,0.6295714974403381
2019_1326_1439,0.6297510862350464
2019_1326_1449,0.6315463781356812
2019_1326_1458,0.6331592202186584
2019_1326_1459,0.6333377957344055
2019_1326_1463,0.6340545415878296
2019_1328_1330,0.609535276889801
2019_1328_1332,0.6099017858505249
2019_1328_1341,0.6115508079528809
2019_1328_1345,0.6122840046882629
2019_1328_1371,0.6170289516448975
2019_1328_1385,0.619576096534729
2019_1328_1387,0.6199393272399902
2019_1328_1388,0.6201212406158447
2019_1328_1393,0.6210283637046814
2019_1328_1396,0.6215717196464539
2019_1328_1397,0.6217537522315979
2019_1328_1403,0.6228400468826294
2019_1328_1414,0.6248306035995483
2019_1328_1416,0.6251915693283081
2019_1328_1429,0.6275364756584167
2019_1328_1433,0.6282574534416199
2019_1328_1436,0.628796398639679
2019_1328_1437,0.6289767026901245
2019_1328_1438,0.6291564106941223
2019_1328_1439,0.6293361783027649
2019_1328_1449,0.6311314105987549
2019_1328_1458,0.6327449679374695
2019_1328_1459,0.6329245567321777
2019_1328_1463,0.633640468120575
2019_1330_1332,0.6094779968261719
2019_1330_1341,0.6111280918121338
2019_1330_1345,0.6118606328964233
2019_1330_1371,0.616608202457428
2019_1330_1385,0.6191561818122864
2019_1330_1387,0.619519829750061
2019_1330_1388,0.6197013258934021
2019_1330_1393,0.6206084489822388
2019_1330_1396,0.6211532950401306
2019_1330_1397,0.6213343739509583
2019_1330_1403,0.6224216222763062
2019_1330_1414,0.6244122982025146
2019_1330_1416,0.6247742176055908
2019_1330_1429,0.6271195411682129
2019_1330_1433,0.6278403997421265
2019_1330_1436,0.6283798217773438
2019_1330_1437,0.6285607814788818
2019_1330_1438,0.6287398934364319
2019_1330_1439,0.6289200782775879
2019_1330_1449,0.6307174563407898
2019_1330_1458,0.6323304176330566
2019_1330_1459,0.6325106620788574
2019_1330_1463,0.633227527141571
2019_1332_1341,0.610703706741333
2019_1332_1345,0.6114368438720703
2019_1332_1371,0.6161866784095764
2019_1332_1385,0.6187356114387512
2019_1332_1387,0.6190990805625916
2019_1332_1388,0.6192808747291565
2019_1332_1393,0.6201884150505066
2019_1332_1396,0.6207334399223328
2019_1332_1397,0.6209154725074768
2019_1332_1403,0.6220024824142456
2019_1332_1414,0.6239948272705078
2019_1332_1416,0.6243554353713989
2019_1332_1429,0.626703143119812
2019_1332_1433,0.6274240612983704
2019_1332_1436,0.6279632449150085
2019_1332_1437,0.6281448602676392
2019_1332_1438,0.6283237338066101
2019_1332_1439,0.6285037398338318
2019_1332_1449,0.6303020715713501
2019_1332_1458,0.6319171786308289
2019_1332_1459,0.632097065448761
2019_1332_1463,0.6328126192092896
2019_1341_1345,0.6095305681228638
2019_1341_1371,0.6142886877059937
2019_1341_1385,0.6168424487113953
2019_1341_1387,0.617206871509552
2019_1341_1388,0.6173884868621826
2019_1341_1393,0.6182976365089417
2019_1341_1396,0.618843674659729
2019_1341_1397,0.6190255880355835
2019_1341_1403,0.6201151013374329
2019_1341_1414,0.6221111416816711
2019_1341_1416,0.6224735379219055
2019_1341_1429,0.6248251795768738
2019_1341_1433,0.6255473494529724
2019_1341_1436,0.6260886788368225
2019_1341_1437,0.6262695789337158
2019_1341_1438,0.626449465751648
2019_1341_1439,0.6266297101974487
2019_1341_1449,0.6284303665161133
2019_1341_1458,0.6300491690635681
2019_1341_1459,0.6302299499511719
2019_1341_1463,0.6309483051300049
2019_1345_1371,0.6134427785873413
2019_1345_1385,0.6159998178482056
2019_1345_1387,0.616363525390625
2019_1345_1388,0.6165456771850586
2019_1345_1393,0.6174567341804504
2019_1345_1396,0.6180029511451721
2019_1345_1397,0.6181846857070923
2019_1345_1403,0.619275689125061
2019_1345_1414,0.6212731003761292
2019_1345_1416,0.6216350197792053
2019_1345_1429,0.6239890456199646
2019_1345_1433,0.6247117519378662
2019_1345_1436,0.625253438949585
2019_1345_1437,0.6254343390464783
2019_1345_1438,0.6256144046783447
2019_1345_1439,0.6257954835891724
2019_1345_1449,0.6275986433029175
2019_1345_1458,0.6292186379432678
2019_1345_1459,0.6293981075286865
2019_1345_1463,0.6301171183586121
2019_1371_1385,0.6105045080184937
2019_1371_1387,0.6108714938163757
2019_1371_1388,0.6110542416572571
2019_1371_1393,0.6119698286056519
2019_1371_1396,0.6125180721282959
2019_1371_1397,0.6127015948295593
2019_1371_1403,0.613798975944519
2019_1371_1414,0.6158067584037781
2019_1371_1416,0.6161711812019348
2019_1371_1429,0.6185380220413208
2019_1371_1433,0.6192657947540283
2019_1371_1436,0.6198099255561829
2019_1371_1437,0.6199918985366821
2019_1371_1438,0.6201732754707336
2019_1371_1439,0.6203548312187195
2019_1371_1449,0.6221687197685242
2019_1371_1458,0.6237967610359192
2019_1371_1459,0.6239782571792603
2019_1371_1463,0.624701738357544
2019_1385_1387,0.6079022884368896
2019_1385_1388,0.6080854535102844
2019_1385_1393,0.6090033054351807
2019_1385_1396,0.6095535755157471
2019_1385_1397,0.6097368001937866
2019_1385_1403,0.6108372211456299
2019_1385_1414,0.612850546836853
2019_1385_1416,0.6132166385650635
2019_1385_1429,0.6155909299850464
2019_1385_1433,0.6163193583488464
2019_1385_1436,0.6168660521507263
2019_1385_1437,0.6170478463172913
2019_1385_1438,0.617230236530304
2019_1385_1439,0.6174121499061584
2019_1385_1449,0.6192308068275452
2019_1385_1458,0.6208652257919312
2019_1385_1459,0.6210464239120483
2019_1385_1463,0.6217732429504395
2019_1387_1388,0.6076611280441284
2019_1387_1393,0.6085789799690247
2019_1387_1396,0.609129786491394
2019_1387_1397,0.6093134880065918
2019_1387_1403,0.6104140877723694
2019_1387_1414,0.6124277114868164
2019_1387_1416,0.6127937436103821
2019_1387_1429,0.6151682734489441
2019_1387_1433,0.6158983707427979
2019_1387_1436,0.6164446473121643
2019_1387_1437,0.6166271567344666
2019_1387_1438,0.6168094873428345
2019_1387_1439,0.6169915795326233
2019_1387_1449,0.6188110709190369
2019_1387_1458,0.6204466223716736
2019_1387_1459,0.6206269860267639
2019_1387_1463,0.6213539838790894
2019_1388_1393,0.6083663702011108
2019_1388_1396,0.6089172959327698
2019_1388_1397,0.6091016530990601
2019_1388_1403,0.6102020740509033
2019_1388_1414,0.6122167110443115
2019_1388_1416,0.6125832200050354
2019_1388_1429,0.6149571537971497
2019_1388_1433,0.615687370300293
2019_1388_1436,0.6162335872650146
2019_1388_1437,0.6164170503616333
2019_1388_1438,0.6165985465049744
2019_1388_1439,0.6167811751365662
2019_1388_1449,0.6186004281044006
2019_1388_1458,0.6202358603477478
2019_1388_1459,0.6204184293746948
2019_1388_1463,0.6211442351341248
2019_1393_1396,0.6078565120697021
2019_1393_1397,0.608040988445282
2019_1393_1403,0.6091417670249939
2019_1393_1414,0.6111599802970886
2019_1393_1416,0.6115244626998901
2019_1393_1429,0.6139029860496521
2019_1393_1433,0.6146332621574402
2019_1393_1436,0.6151801347732544
2019_1393_1437,0.6153632402420044
2019_1393_1438,0.6155450344085693
2019_1393_1439,0.6157271862030029
2019_1393_1449,0.6175492405891418
2019_1393_1458,0.6191866397857666
2019_1393_1459,0.6193690299987793
2019_1393_1463,0.6200945973396301
2019_1396_1397,0.6074023842811584
2019_1396_1403,0.6085042953491211
2019_1396_1414,0.6105222702026367
2019_1396_1416,0.6108888387680054
2019_1396_1429,0.6132687330245972
2019_1396_1433,0.6139985918998718
2019_1396_1436,0.6145468354225159
2019_1396_1437,0.6147292852401733
2019_1396_1438,0.614912211894989
2019_1396_1439,0.6150936484336853
2019_1396_1449,0.6169174909591675
2019_1396_1458,0.6185545921325684
2019_1396_1459,0.6187370419502258
2019_1396_1463,0.6194644570350647
2019_1397_1403,0.6082919836044312
2019_1397_1414,0.6103107929229736
2019_1397_1416,0.610677182674408
2019_1397_1429,0.6130563616752625
2019_1397_1433,0.6137882471084595
2019_1397_1436,0.6143354177474976
2019_1397_1437,0.6145182251930237
2019_1397_1438,0.6147008538246155
2019_1397_1439,0.6148833632469177
2019_1397_1449,0.6167072653770447
2019_1397_1458,0.6183451414108276
2019_1397_1459,0.6185272932052612
2019_1397_1463,0.6192545890808105
2019_1403_1414,0.6090391278266907
2019_1403_1416,0.6094048023223877
2019_1403_1429,0.6117880940437317
2019_1403_1433,0.6125193238258362
2019_1403_1436,0.6130680441856384
2019_1403_1437,0.613250732421875
2019_1403_1438,0.6134331822395325
2019_1403_1439,0.6136164665222168
2019_1403_1449,0.6154422163963318
2019_1403_1458,0.6170823574066162
2019_1403_1459,0.6172648072242737
2019_1403_1463,0.617992639541626
2019_1414_1416,0.6070697903633118
2019_1414_1429,0.6094571948051453
2019_1414_1433,0.6101918816566467
2019_1414_1436,0.6107404232025146
2019_1414_1437,0.6109241247177124
2019_1414_1438,0.6111066937446594
2019_1414_1439,0.6112905144691467
2019_1414_1449,0.6131198406219482
2019_1414_1458,0.6147642135620117
2019_1414_1459,0.6149464845657349
2019_1414_1463,0.6156773567199707
2019_1416_1429,0.6090331077575684
2019_1416_1433,0.6097666025161743
2019_1416_1436,0.6103165149688721
2019_1416_1437,0.6105002760887146
2019_1416_1438,0.6106833815574646
2019_1416_1439,0.6108665466308594
2019_1416_1449,0.6126967072486877
2019_1416_1458,0.6143410801887512
2019_1416_1459,0.6145249009132385
2019_1416_1463,0.6152545809745789
2019_1429_1433,0.6070072650909424
2019_1429_1436,0.6075577139854431
2019_1429_1437,0.6077419519424438
2019_1429_1438,0.6079261302947998
2019_1429_1439,0.6081094145774841
2019_1429_1449,0.6099446415901184
2019_1429_1458,0.6115929484367371
2019_1429_1459,0.6117767095565796
2019_1429_1463,0.6125092506408691
2019_1433_1436,0.6067084074020386
2019_1433_1437,0.606892466545105
2019_1433_1438,0.6070762872695923
2019_1433_1439,0.607259213924408
2019_1433_1449,0.6090970039367676
2019_1433_1458,0.6107473969459534
2019_1433_1459,0.6109307408332825
2019_1433_1463,0.6116629838943481
2019_1436_1437,0.6062538623809814
2019_1436_1438,0.6064382195472717
2019_1436_1439,0.6066226363182068
2019_1436_1449,0.6084593534469604
2019_1436_1458,0.6101104617118835
2019_1436_1459,0.6102948784828186
2019_1436_1463,0.6110266447067261
2019_1437_1438,0.6062247157096863
2019_1437_1439,0.6064094305038452
2019_1437_1449,0.6082476377487183
2019_1437_1458,0.6098999381065369
2019_1437_1459,0.6100835204124451
2019_1437_1463,0.6108160614967346
2019_1438_1439,0.6061968803405762
2019_1438_1449,0.6080354452133179
2019_1438_1458,0.6096879243850708
2019_1438_1459,0.6098706126213074
2019_1438_1463,0.6106041073799133
2019_1439_1449,0.6078217625617981
2019_1439_1458,0.6094745397567749
2019_1439_1459,0.609657883644104
2019_1439_1463,0.6103925108909607
2019_1449_1458,0.6073519587516785
2019_1449_1459,0.6075363755226135
2019_1449_1463,0.6082714796066284
2019_1458_1459,0.6056219935417175
2019_1458_1463,0.6063581109046936
2019_1459_1463,0.6061475276947021
