ID,Pred
2019_1101_1113,0.2318260854858032
2019_1101_1120,0.12117585035381895
2019_1101_1124,0.27839837703421594
2019_1101_1125,0.2552676647711935
2019_1101_1133,0.5156073464228541
2019_1101_1138,0.04697091224165366
2019_1101_1153,0.08681248461320318
2019_1101_1159,0.503898242646381
2019_1101_1181,0.0564481435990733
2019_1101_1192,0.7749549545884471
2019_1101_1196,0.3180319610440152
2019_1101_1199,0.05037398535397949
2019_1101_1205,0.59816013780669
2019_1101_1209,0.4542105226192361
2019_1101_1211,0.051381023742200785
2019_1101_1222,0.04859101697828941
2019_1101_1233,0.7778149981393375
2019_1101_1234,0.16335754741029423
2019_1101_1235,0.16724919672427369
2019_1101_1242,0.13296875326612356
2019_1101_1243,0.14652900549296355
2019_1101_1246,0.07691745756894165
2019_1101_1251,0.33666831937059366
2019_1101_1257,0.27520570448011933
2019_1101_1261,0.0966729565852079
2019_1101_1266,0.11960304457371207
2019_1101_1268,0.21869058363278826
2019_1101_1276,0.034552583513707665
2019_1101_1277,0.0741174489476165
2019_1101_1278,0.21670474245291224
2019_1101_1279,0.27263080490124303
2019_1101_1280,0.1475761349057832
2019_1101_1285,0.45936588954191504
2019_1101_1293,0.27702649822460657
2019_1101_1295,0.7129364915843438
2019_1101_1297,0.3276507241627096
2019_1101_1300,0.8739223255894508
2019_1101_1305,0.035779978736693654
2019_1101_1308,0.16189016232819317
2019_1101_1314,0.045231411461205115
2019_1101_1318,0.3587149487676815
2019_1101_1326,0.25734997312868846
2019_1101_1328,0.30782098743676645
2019_1101_1330,0.28644391648299355
2019_1101_1332,0.21804729313239357
2019_1101_1341,0.743598122027506
2019_1101_1345,0.19621852119880992
2019_1101_1371,0.265256622408278
2019_1101_1385,0.3438574815532537
2019_1101_1387,0.36142183272592604
2019_1101_1388,0.28950081011238127
2019_1101_1393,0.2913580031241693
2019_1101_1396,0.3942233073565218
2019_1101_1397,0.029346956239626493
2019_1101_1403,0.08459325380805974
2019_1101_1414,0.23083760468628725
2019_1101_1416,0.2671735341399632
2019_1101_1429,0.09859047438795765
2019_1101_1433,0.17522672847069015
2019_1101_1436,0.3587727373747196
2019_1101_1437,0.16665998743348268
2019_1101_1438,0.04477262214266607
2019_1101_1439,0.1465661571603793
2019_1101_1449,0.12020512212600272
2019_1101_1458,0.17802494911797095
2019_1101_1459,0.07737949933476339
2019_1101_1463,0.4511665986039652
2019_1113_1120,0.2580930429979698
2019_1113_1124,0.5319721074407336
2019_1113_1125,0.5651574738051496
2019_1113_1133,0.8459824022626636
2019_1113_1138,0.21295027605287073
2019_1113_1153,0.31892109791048373
2019_1113_1159,0.7538137059943779
2019_1113_1181,0.06422234844465509
2019_1113_1192,0.9745719469575671
2019_1113_1196,0.43900745808447583
2019_1113_1199,0.23397409026562316
2019_1113_1205,0.8942143929834794
2019_1113_1209,0.733929244501683
2019_1113_1211,0.0996669298823056
2019_1113_1222,0.19768570043246927
2019_1113_1233,0.9527678119090377
2019_1113_1234,0.39453933170789396
2019_1113_1235,0.29355559938321907
2019_1113_1242,0.18061148536480157
2019_1113_1243,0.29415465412608743
2019_1113_1246,0.1738840024764152
2019_1113_1251,0.6187184684280914
2019_1113_1257,0.3254557101950177
2019_1113_1261,0.22745080792380157
2019_1113_1266,0.3522528039668731
2019_1113_1268,0.3159175629023269
2019_1113_1276,0.10771202864859872
2019_1113_1277,0.09225800484772724
2019_1113_1278,0.4004745345879351
2019_1113_1279,0.5185185003496874
2019_1113_1280,0.35222585746664914
2019_1113_1285,0.7531652429871226
2019_1113_1293,0.5594537973180408
2019_1113_1295,0.9262058042061875
2019_1113_1297,0.6891106901179392
2019_1113_1300,0.993324154381853
2019_1113_1305,0.25605278419149574
2019_1113_1308,0.3890784397367492
2019_1113_1314,0.07885410561926738
2019_1113_1318,0.7001516925979736
2019_1113_1326,0.4678891786580121
2019_1113_1328,0.428140753747572
2019_1113_1330,0.6636912041446809
2019_1113_1332,0.4272357768072633
2019_1113_1341,0.9299228215682096
2019_1113_1345,0.2020260952850023
2019_1113_1371,0.5210208578586704
2019_1113_1385,0.5322113150993746
2019_1113_1387,0.6181607571824173
2019_1113_1388,0.5235341974940765
2019_1113_1393,0.4770159480602747
2019_1113_1396,0.48273069911897953
2019_1113_1397,0.10110258201373581
2019_1113_1403,0.21540621109193842
2019_1113_1414,0.5691899006922257
2019_1113_1416,0.4695664452235852
2019_1113_1429,0.30354613845927153
2019_1113_1433,0.4399118262376425
2019_1113_1436,0.632222577882216
2019_1113_1437,0.3317010247170805
2019_1113_1438,0.04746221441403354
2019_1113_1439,0.26293286704272983
2019_1113_1449,0.2980048586305834
2019_1113_1458,0.22020576356609003
2019_1113_1459,0.2866815900055043
2019_1113_1463,0.778698589850279
2019_1120_1124,0.7988729361252982
2019_1120_1125,0.8327082411678007
2019_1120_1133,0.9587539440136253
2019_1120_1138,0.6130921120642079
2019_1120_1153,0.6572744247419423
2019_1120_1159,0.9374954637572513
2019_1120_1181,0.20479979477379776
2019_1120_1192,0.9674260235968318
2019_1120_1196,0.7315822139690316
2019_1120_1199,0.36153245056996075
2019_1120_1205,0.973846879144229
2019_1120_1209,0.9264257732141165
2019_1120_1211,0.30725436150066915
2019_1120_1222,0.43440972625083507
2019_1120_1233,0.9762646801087298
2019_1120_1234,0.6259207726949039
2019_1120_1235,0.6749167663989039
2019_1120_1242,0.4766575512762675
2019_1120_1243,0.5115382388702684
2019_1120_1246,0.34429214414903464
2019_1120_1251,0.8545544643726499
2019_1120_1257,0.6458864129597309
2019_1120_1261,0.4937078711946077
2019_1120_1266,0.6243709266382355
2019_1120_1268,0.5353901658914385
2019_1120_1276,0.33287891350155335
2019_1120_1277,0.3262896935483629
2019_1120_1278,0.6692501650258982
2019_1120_1279,0.7596991266015165
2019_1120_1280,0.6078585269466732
2019_1120_1285,0.9051278845461408
2019_1120_1293,0.8098617006092055
2019_1120_1295,0.9754513949748694
2019_1120_1297,0.8926858288786798
2019_1120_1300,0.9918888033358274
2019_1120_1305,0.6473488018752154
2019_1120_1308,0.7466344266339577
2019_1120_1314,0.34298409713200784
2019_1120_1318,0.9490616128629717
2019_1120_1326,0.7227787519086781
2019_1120_1328,0.6988562871492896
2019_1120_1330,0.8969707942623412
2019_1120_1332,0.7429760786433555
2019_1120_1341,0.9435917881605626
2019_1120_1345,0.5129558522992107
2019_1120_1371,0.7821513081994861
2019_1120_1385,0.8294728184287226
2019_1120_1387,0.9261272716442549
2019_1120_1388,0.7676390607289038
2019_1120_1393,0.7118363082765283
2019_1120_1396,0.8005856641228712
2019_1120_1397,0.2663947455455452
2019_1120_1403,0.47861165866840355
2019_1120_1414,0.8245009810989335
2019_1120_1416,0.7767915403022645
2019_1120_1429,0.6895338933724965
2019_1120_1433,0.7702664165258036
2019_1120_1436,0.8845761565227975
2019_1120_1437,0.5525317204935424
2019_1120_1438,0.24933552351625038
2019_1120_1439,0.5946838772156388
2019_1120_1449,0.6242562687609828
2019_1120_1458,0.5239848280029465
2019_1120_1459,0.6655661113794709
2019_1120_1463,0.9411063716386517
2019_1124_1125,0.6781233837831069
2019_1124_1133,0.8401989160140716
2019_1124_1138,0.2576810689247243
2019_1124_1153,0.2569829150969296
2019_1124_1159,0.7628957545011598
2019_1124_1181,0.06538477779503649
2019_1124_1192,0.9096553306784956
2019_1124_1196,0.42515380524509944
2019_1124_1199,0.14937115724495795
2019_1124_1205,0.8363817704915804
2019_1124_1209,0.7105984143506974
2019_1124_1211,0.09809292944699044
2019_1124_1222,0.1747402265552416
2019_1124_1233,0.9731332156738944
2019_1124_1234,0.3261686523999633
2019_1124_1235,0.25728837575067814
2019_1124_1242,0.14746379830526096
2019_1124_1243,0.18485625060588137
2019_1124_1246,0.17589676276448035
2019_1124_1251,0.7257977209577038
2019_1124_1257,0.34519793349592004
2019_1124_1261,0.19532110674527414
2019_1124_1266,0.3232257764238459
2019_1124_1268,0.3437433403466182
2019_1124_1276,0.15283078423185392
2019_1124_1277,0.08760636643364697
2019_1124_1278,0.37190403380265946
2019_1124_1279,0.4234860468758076
2019_1124_1280,0.2681533722714887
2019_1124_1285,0.7347796107905074
2019_1124_1293,0.6817554727269868
2019_1124_1295,0.936208364770305
2019_1124_1297,0.7406301611246741
2019_1124_1300,0.9459265338440705
2019_1124_1305,0.24667029071097066
2019_1124_1308,0.5934503663233436
2019_1124_1314,0.09078683719612085
2019_1124_1318,0.6731142155899301
2019_1124_1326,0.4112304801982718
2019_1124_1328,0.433448865875376
2019_1124_1330,0.5951474106724675
2019_1124_1332,0.4483616503839368
2019_1124_1341,0.8786644732999758
2019_1124_1345,0.2051511546028479
2019_1124_1371,0.4517515425815032
2019_1124_1385,0.48959514655465386
2019_1124_1387,0.7200288929289566
2019_1124_1388,0.47520587115085017
2019_1124_1393,0.37796598024126715
2019_1124_1396,0.5647004512828915
2019_1124_1397,0.13731361961418923
2019_1124_1403,0.24100472337765164
2019_1124_1414,0.611873380331566
2019_1124_1416,0.45186330301401456
2019_1124_1429,0.37825241830868633
2019_1124_1433,0.4052722860279002
2019_1124_1436,0.6837809792346166
2019_1124_1437,0.26637384998083297
2019_1124_1438,0.11752181711274624
2019_1124_1439,0.27232369854803085
2019_1124_1449,0.3341229921266167
2019_1124_1458,0.21965224377280831
2019_1124_1459,0.3328649521211955
2019_1124_1463,0.7245835083214812
2019_1125_1133,0.7191816077541744
2019_1125_1138,0.16091860774056985
2019_1125_1153,0.213281129354902
2019_1125_1159,0.6919897930409384
2019_1125_1181,0.04755757682502816
2019_1125_1192,0.8805502986289768
2019_1125_1196,0.3344320758448934
2019_1125_1199,0.140924292363216
2019_1125_1205,0.7668294849662267
2019_1125_1209,0.5659355550268342
2019_1125_1211,0.05024579106103071
2019_1125_1222,0.1429475753119468
2019_1125_1233,0.9141233444253684
2019_1125_1234,0.3359787713730899
2019_1125_1235,0.25309930757038696
2019_1125_1242,0.17853016105549901
2019_1125_1243,0.2608691455539314
2019_1125_1246,0.09445733268666742
2019_1125_1251,0.5038170448345362
2019_1125_1257,0.29488839802066513
2019_1125_1261,0.19007935024469833
2019_1125_1266,0.3131025845224562
2019_1125_1268,0.23811252661900076
2019_1125_1276,0.0920909780543346
2019_1125_1277,0.06551791960094559
2019_1125_1278,0.4299368556703325
2019_1125_1279,0.43017564905965755
2019_1125_1280,0.2565899621334734
2019_1125_1285,0.6152656012998093
2019_1125_1293,0.4707289711152468
2019_1125_1295,0.829320341428123
2019_1125_1297,0.525747612641511
2019_1125_1300,0.9641287013613103
2019_1125_1305,0.19400272576526204
2019_1125_1308,0.26693798018370946
2019_1125_1314,0.08007957480497893
2019_1125_1318,0.5713886497256883
2019_1125_1326,0.3785082375438434
2019_1125_1328,0.3959629064158801
2019_1125_1330,0.46335488440116473
2019_1125_1332,0.4074195808719449
2019_1125_1341,0.8990212095479095
2019_1125_1345,0.2266159145164448
2019_1125_1371,0.45792568016517576
2019_1125_1385,0.49327163074086194
2019_1125_1387,0.573255821723343
2019_1125_1388,0.42301961992234044
2019_1125_1393,0.44483260091042814
2019_1125_1396,0.46431430694690157
2019_1125_1397,0.043737660523277884
2019_1125_1403,0.09492038578845224
2019_1125_1414,0.4213823212825954
2019_1125_1416,0.44091691543655254
2019_1125_1429,0.3140001264387858
2019_1125_1433,0.36368667283912354
2019_1125_1436,0.5219557205745067
2019_1125_1437,0.31423544077658966
2019_1125_1438,0.030670194621791044
2019_1125_1439,0.30477022107794466
2019_1125_1449,0.3261477935768471
2019_1125_1458,0.24102181272400702
2019_1125_1459,0.28266954206949907
2019_1125_1463,0.655945733774376
2019_1133_1138,0.03533264686403231
2019_1133_1153,0.07535342827473528
2019_1133_1159,0.37993215623845716
2019_1133_1181,0.10101476540706657
2019_1133_1192,0.6758378366910432
2019_1133_1196,0.13348177465973324
2019_1133_1199,0.044843647851502515
2019_1133_1205,0.5362939516682752
2019_1133_1209,0.3687198160890265
2019_1133_1211,0.012700824680018062
2019_1133_1222,0.02304670676418888
2019_1133_1233,0.7401997758711425
2019_1133_1234,0.04142961842491615
2019_1133_1235,0.04762531018523284
2019_1133_1242,0.04397880596608864
2019_1133_1243,0.062054443556056396
2019_1133_1246,0.04894645854930834
2019_1133_1251,0.22158011617893336
2019_1133_1257,0.07855771477966084
2019_1133_1261,0.04265427132792256
2019_1133_1266,0.04515986885620034
2019_1133_1268,0.06712366928370342
2019_1133_1276,0.04384041790291634
2019_1133_1277,0.04352484889084034
2019_1133_1278,0.08977728087871378
2019_1133_1279,0.09892949285064069
2019_1133_1280,0.09176642448107881
2019_1133_1285,0.28447612957825785
2019_1133_1293,0.27642793171760927
2019_1133_1295,0.6357964307706291
2019_1133_1297,0.2520852846095645
2019_1133_1300,0.8576053772346258
2019_1133_1305,0.039273479681807215
2019_1133_1308,0.1544862311367282
2019_1133_1314,0.04975333731893895
2019_1133_1318,0.33159712323604734
2019_1133_1326,0.12221475811461607
2019_1133_1328,0.15078553743973472
2019_1133_1330,0.2409878951693864
2019_1133_1332,0.0791422255198505
2019_1133_1341,0.6725761885538221
2019_1133_1345,0.049297036788870846
2019_1133_1371,0.14346427789322835
2019_1133_1385,0.16613470977901493
2019_1133_1387,0.3218397262563666
2019_1133_1388,0.08223670690796232
2019_1133_1393,0.07908371930507507
2019_1133_1396,0.19986331078461972
2019_1133_1397,0.030901657454983127
2019_1133_1403,0.04130448263651888
2019_1133_1414,0.1942846984835109
2019_1133_1416,0.09508828222920994
2019_1133_1429,0.08313275702203395
2019_1133_1433,0.1137996807098345
2019_1133_1436,0.239208910712269
2019_1133_1437,0.06694792556052714
2019_1133_1438,0.04397904538571068
2019_1133_1439,0.04192455602159151
2019_1133_1449,0.10834102372552104
2019_1133_1458,0.05574682581618306
2019_1133_1459,0.1185049939441428
2019_1133_1463,0.4007368390327466
2019_1138_1153,0.5709386327283034
2019_1138_1159,0.9375827617813522
2019_1138_1181,0.2498579433452134
2019_1138_1192,0.9954612506838221
2019_1138_1196,0.6352163820643307
2019_1138_1199,0.44057576656814657
2019_1138_1205,0.9751662909726951
2019_1138_1209,0.9106365071106867
2019_1138_1211,0.3104002950478336
2019_1138_1222,0.47771846375803506
2019_1138_1233,0.9943843798698425
2019_1138_1234,0.5955825106862781
2019_1138_1235,0.5220577974392147
2019_1138_1242,0.532585020029188
2019_1138_1243,0.551874078773077
2019_1138_1246,0.36353685824712023
2019_1138_1251,0.8510196787915145
2019_1138_1257,0.5467198247779873
2019_1138_1261,0.4423685957136025
2019_1138_1266,0.5251797949149101
2019_1138_1268,0.5638327065204988
2019_1138_1276,0.32349053428820396
2019_1138_1277,0.30696091171149925
2019_1138_1278,0.6791315603433967
2019_1138_1279,0.7355801419829318
2019_1138_1280,0.5357156518899479
2019_1138_1285,0.9259195043597181
2019_1138_1293,0.8309489137924011
2019_1138_1295,0.975180512850133
2019_1138_1297,0.8369110537500555
2019_1138_1300,0.9884210205757205
2019_1138_1305,0.5614817860380286
2019_1138_1308,0.6976190171337578
2019_1138_1314,0.30821222528328174
2019_1138_1318,0.8714273390711356
2019_1138_1326,0.6498328841736435
2019_1138_1328,0.6191521369125849
2019_1138_1330,0.8236531626979636
2019_1138_1332,0.7405400612045923
2019_1138_1341,0.9836489042389149
2019_1138_1345,0.5012616574601242
2019_1138_1371,0.7281560175137468
2019_1138_1385,0.8182072771702168
2019_1138_1387,0.8543011693544398
2019_1138_1388,0.7658728391626818
2019_1138_1393,0.6592379528411224
2019_1138_1396,0.8103450200513254
2019_1138_1397,0.3087000709988964
2019_1138_1403,0.42415263251120444
2019_1138_1414,0.7362595605841838
2019_1138_1416,0.7493584667488491
2019_1138_1429,0.6860165687766793
2019_1138_1433,0.7166499451679819
2019_1138_1436,0.826965029706191
2019_1138_1437,0.5842621410778281
2019_1138_1438,0.23970918060125274
2019_1138_1439,0.47527806549883156
2019_1138_1449,0.6057306655481421
2019_1138_1458,0.5063092765745301
2019_1138_1459,0.6713429005771115
2019_1138_1463,0.8912590903890998
2019_1153_1159,0.9176748687760918
2019_1153_1181,0.09102778160497486
2019_1153_1192,0.9839295775932605
2019_1153_1196,0.5286847402898236
2019_1153_1199,0.3454674911965191
2019_1153_1205,0.9337312356396967
2019_1153_1209,0.7982943019980889
2019_1153_1211,0.22409532342547986
2019_1153_1222,0.34840871132517387
2019_1153_1233,0.9789118271727678
2019_1153_1234,0.5691785857145426
2019_1153_1235,0.49890797861162184
2019_1153_1242,0.4332429600396105
2019_1153_1243,0.4786579888969253
2019_1153_1246,0.24998982306620107
2019_1153_1251,0.7095931400728533
2019_1153_1257,0.43348986890181124
2019_1153_1261,0.4416408712722629
2019_1153_1266,0.5471926251271817
2019_1153_1268,0.5056408459496564
2019_1153_1276,0.23028994659078572
2019_1153_1277,0.15770599553482637
2019_1153_1278,0.5810296899322243
2019_1153_1279,0.659220312306743
2019_1153_1280,0.5036515710959374
2019_1153_1285,0.833941647953595
2019_1153_1293,0.7189188626466824
2019_1153_1295,0.9724424600957995
2019_1153_1297,0.736835582281313
2019_1153_1300,0.9821439981121343
2019_1153_1305,0.45092449079371955
2019_1153_1308,0.6390949695507745
2019_1153_1314,0.16316668209942997
2019_1153_1318,0.8173978755617485
2019_1153_1326,0.5670297825216772
2019_1153_1328,0.5452163590637823
2019_1153_1330,0.7622463243217458
2019_1153_1332,0.6374264367590546
2019_1153_1341,0.9722356256315771
2019_1153_1345,0.27774525717095766
2019_1153_1371,0.7032632331868074
2019_1153_1385,0.7156933610649951
2019_1153_1387,0.8054719796005677
2019_1153_1388,0.6665222494599887
2019_1153_1393,0.50595505679551
2019_1153_1396,0.667745188833306
2019_1153_1397,0.2327747471460212
2019_1153_1403,0.36512773064575615
2019_1153_1414,0.6751884660872192
2019_1153_1416,0.6422130890903446
2019_1153_1429,0.5312428912973703
2019_1153_1433,0.6705376220284823
2019_1153_1436,0.7263622973622377
2019_1153_1437,0.506255933289746
2019_1153_1438,0.16994656970649819
2019_1153_1439,0.46496148660948056
2019_1153_1449,0.5037885727976925
2019_1153_1458,0.4066440564698269
2019_1153_1459,0.5216021509235464
2019_1153_1463,0.8810315287828523
2019_1159_1181,0.05440510789153319
2019_1159_1192,0.7741889837559797
2019_1159_1196,0.20535393863369603
2019_1159_1199,0.05736012589863381
2019_1159_1205,0.6095136971754871
2019_1159_1209,0.40608509116277236
2019_1159_1211,0.05056549666273399
2019_1159_1222,0.044191933011644785
2019_1159_1233,0.8218032478987127
2019_1159_1234,0.25058252223795463
2019_1159_1235,0.13004829008396218
2019_1159_1242,0.04734837708329775
2019_1159_1243,0.019865171421236616
2019_1159_1246,0.04539907238406064
2019_1159_1251,0.3322834583028671
2019_1159_1257,0.20968258680869015
2019_1159_1261,0.06024981032530502
2019_1159_1266,0.09561631039975689
2019_1159_1268,0.14818356744473304
2019_1159_1276,0.04026657704689235
2019_1159_1277,0.03229044117565335
2019_1159_1278,0.20384034341612634
2019_1159_1279,0.2991397474103496
2019_1159_1280,0.12800475131962202
2019_1159_1285,0.45215702552069487
2019_1159_1293,0.31542790769006873
2019_1159_1295,0.7079714836759279
2019_1159_1297,0.37923795815727174
2019_1159_1300,0.896769337273655
2019_1159_1305,0.054436222975236884
2019_1159_1308,0.2127443134418491
2019_1159_1314,0.037753778079560874
2019_1159_1318,0.4658681012973309
2019_1159_1326,0.22752122904301383
2019_1159_1328,0.2784234399165711
2019_1159_1330,0.3476765324880037
2019_1159_1332,0.19695463693077997
2019_1159_1341,0.760791539334923
2019_1159_1345,0.09346982909599968
2019_1159_1371,0.2566228307760665
2019_1159_1385,0.24921018407994802
2019_1159_1387,0.3830906550918385
2019_1159_1388,0.25937278006959547
2019_1159_1393,0.28940043440169566
2019_1159_1396,0.29611805528428153
2019_1159_1397,0.039068171501013896
2019_1159_1403,0.05401395701969201
2019_1159_1414,0.1970368027855508
2019_1159_1416,0.2161827111163164
2019_1159_1429,0.1475654022360487
2019_1159_1433,0.14304018319303297
2019_1159_1436,0.3872716126061253
2019_1159_1437,0.13508961631353691
2019_1159_1438,0.04130807038803373
2019_1159_1439,0.06995803148426928
2019_1159_1449,0.17907337765406184
2019_1159_1458,0.1097520369122578
2019_1159_1459,0.10124649935004716
2019_1159_1463,0.5383743113678582
2019_1181_1192,0.9768150941328244
2019_1181_1196,0.8822806828428642
2019_1181_1199,0.7266648266851681
2019_1181_1205,0.9797690793622792
2019_1181_1209,0.980351551488493
2019_1181_1211,0.5237405723152369
2019_1181_1222,0.7385360984729119
2019_1181_1233,0.9824846461163125
2019_1181_1234,0.9028569877297409
2019_1181_1235,0.8136203957292398
2019_1181_1242,0.7379083393788747
2019_1181_1243,0.7946840763179113
2019_1181_1246,0.6721767729197423
2019_1181_1251,0.917058719620573
2019_1181_1257,0.8643004894076727
2019_1181_1261,0.7767218973883427
2019_1181_1266,0.843131880562042
2019_1181_1268,0.8094933132396717
2019_1181_1276,0.6241172211156165
2019_1181_1277,0.6118972038955853
2019_1181_1278,0.8915646863790515
2019_1181_1279,0.9281842912352405
2019_1181_1280,0.8170948223462353
2019_1181_1285,0.9655183463206247
2019_1181_1293,0.9825589298341658
2019_1181_1295,0.9847392937746556
2019_1181_1297,0.964220927441388
2019_1181_1300,0.9796505685976975
2019_1181_1305,0.7670384300849259
2019_1181_1308,0.8962400198882031
2019_1181_1314,0.5974959960560577
2019_1181_1318,0.9831997202817161
2019_1181_1326,0.9114499722541614
2019_1181_1328,0.9047520232971895
2019_1181_1330,0.9639375226126459
2019_1181_1332,0.9244610557074489
2019_1181_1341,0.9787823371077305
2019_1181_1345,0.7888174317663164
2019_1181_1371,0.9339006455459911
2019_1181_1385,0.9538201608198581
2019_1181_1387,0.961375539979172
2019_1181_1388,0.9334165854350055
2019_1181_1393,0.8990655974823185
2019_1181_1396,0.9580318296622646
2019_1181_1397,0.5852436342030187
2019_1181_1403,0.7835607888768635
2019_1181_1414,0.9009772292277053
2019_1181_1416,0.9248289298320015
2019_1181_1429,0.8915459363743642
2019_1181_1433,0.9254114771026392
2019_1181_1436,0.9740364490544654
2019_1181_1437,0.8400368300314487
2019_1181_1438,0.556856978241252
2019_1181_1439,0.8153242465701188
2019_1181_1449,0.9157272754665814
2019_1181_1458,0.7617276776281069
2019_1181_1459,0.8927285414856683
2019_1181_1463,0.9707412782460622
2019_1192_1196,0.10320729674917513
2019_1192_1199,0.020231664929566445
2019_1192_1205,0.3352186796372698
2019_1192_1209,0.18361257220752092
2019_1192_1211,0.03877649495337074
2019_1192_1222,0.03984858000402342
2019_1192_1233,0.5444100253598617
2019_1192_1234,0.04949973627837802
2019_1192_1235,0.04933517928852859
2019_1192_1242,0.03108746299602052
2019_1192_1243,0.04525169092763917
2019_1192_1246,0.05690429524000682
2019_1192_1251,0.14061670050921068
2019_1192_1257,0.06685658395034651
2019_1192_1261,0.02443703953933703
2019_1192_1266,0.03791722137267078
2019_1192_1268,0.06253822991915613
2019_1192_1276,0.017589802607422992
2019_1192_1277,0.05348496423188996
2019_1192_1278,0.040079917404916995
2019_1192_1279,0.06881459657146867
2019_1192_1280,0.027306083804965686
2019_1192_1285,0.17536329574939113
2019_1192_1293,0.08598829610205865
2019_1192_1295,0.4302462524464588
2019_1192_1297,0.14530694157423651
2019_1192_1300,0.7180094382344692
2019_1192_1305,0.02651560075634562
2019_1192_1308,0.0460409411728907
2019_1192_1314,0.04637930227976598
2019_1192_1318,0.1616820293254933
2019_1192_1326,0.11497055640479849
2019_1192_1328,0.09024585571545747
2019_1192_1330,0.15454811808155458
2019_1192_1332,0.05172900840139924
2019_1192_1341,0.4551970125187952
2019_1192_1345,0.05171391951671813
2019_1192_1371,0.07616312276828875
2019_1192_1385,0.028346455820460664
2019_1192_1387,0.16337732242459121
2019_1192_1388,0.05907075245409895
2019_1192_1393,0.06524735854251733
2019_1192_1396,0.14361895843892994
2019_1192_1397,0.03361543755738768
2019_1192_1403,0.04286613914187585
2019_1192_1414,0.09281622783821779
2019_1192_1416,0.07646767636223299
2019_1192_1429,0.025543740556453285
2019_1192_1433,0.06273401128586893
2019_1192_1436,0.15242635031076032
2019_1192_1437,0.055004622329642684
2019_1192_1438,0.03455856364942335
2019_1192_1439,0.05539070775584773
2019_1192_1449,0.013319625068106713
2019_1192_1458,0.044729962249810684
2019_1192_1459,0.03655258790241047
2019_1192_1463,0.19153226531028175
2019_1196_1199,0.209680977986615
2019_1196_1205,0.8412037838198942
2019_1196_1209,0.7896262588501134
2019_1196_1211,0.15259649948943863
2019_1196_1222,0.2577264945871533
2019_1196_1233,0.9793339505645581
2019_1196_1234,0.42609647159447406
2019_1196_1235,0.3491326330666767
2019_1196_1242,0.18284643596685132
2019_1196_1243,0.2862900601265671
2019_1196_1246,0.21054853993504427
2019_1196_1251,0.7248240905441954
2019_1196_1257,0.4029301532379633
2019_1196_1261,0.2642907759412119
2019_1196_1266,0.3710661289823147
2019_1196_1268,0.39125190532130383
2019_1196_1276,0.20472985570710914
2019_1196_1277,0.17866613245890392
2019_1196_1278,0.4795880497469938
2019_1196_1279,0.5355804213311676
2019_1196_1280,0.3481472983251259
2019_1196_1285,0.7486782056664989
2019_1196_1293,0.7304169097681292
2019_1196_1295,0.9143836851981642
2019_1196_1297,0.7243313615605195
2019_1196_1300,0.9557640706220993
2019_1196_1305,0.3352070664111023
2019_1196_1308,0.6710166443925605
2019_1196_1314,0.18531392834776095
2019_1196_1318,0.7554877727383701
2019_1196_1326,0.5049611083822617
2019_1196_1328,0.4771291119856116
2019_1196_1330,0.7424025918642926
2019_1196_1332,0.5842231163307274
2019_1196_1341,0.8220951752865812
2019_1196_1345,0.2555779195781617
2019_1196_1371,0.5582694828037853
2019_1196_1385,0.6358375274817931
2019_1196_1387,0.6971631097197042
2019_1196_1388,0.6123533582442244
2019_1196_1393,0.4573914013763901
2019_1196_1396,0.6677804846783262
2019_1196_1397,0.18896109557325816
2019_1196_1403,0.23295356160988687
2019_1196_1414,0.6613255577436922
2019_1196_1416,0.6555226056018505
2019_1196_1429,0.5749757306978767
2019_1196_1433,0.621573436068231
2019_1196_1436,0.701090938435176
2019_1196_1437,0.372953434367003
2019_1196_1438,0.15034641528336376
2019_1196_1439,0.352442645547391
2019_1196_1449,0.5224037025549846
2019_1196_1458,0.2801559839556962
2019_1196_1459,0.4774677097197454
2019_1196_1463,0.791856732122968
2019_1199_1205,0.9834669549513474
2019_1199_1209,0.9349969810728075
2019_1199_1211,0.38001142550810224
2019_1199_1222,0.49900434345986455
2019_1199_1233,0.981826177429429
2019_1199_1234,0.72588469238455
2019_1199_1235,0.6863148190656998
2019_1199_1242,0.5629965428588524
2019_1199_1243,0.6648877350258592
2019_1199_1246,0.48918597448316964
2019_1199_1251,0.9032923533488371
2019_1199_1257,0.6644707677819869
2019_1199_1261,0.584425589823286
2019_1199_1266,0.7106876869139038
2019_1199_1268,0.674208170518262
2019_1199_1276,0.41869663380231037
2019_1199_1277,0.4085695159822384
2019_1199_1278,0.7918107553595993
2019_1199_1279,0.802569180563449
2019_1199_1280,0.7183847115994567
2019_1199_1285,0.9461735231926086
2019_1199_1293,0.8359367133230912
2019_1199_1295,0.9773810585055673
2019_1199_1297,0.9161493166216829
2019_1199_1300,1.0
2019_1199_1305,0.6208637422458951
2019_1199_1308,0.7477448963429015
2019_1199_1314,0.3858947218898962
2019_1199_1318,0.9589507924828908
2019_1199_1326,0.792658452428653
2019_1199_1328,0.7851773577473345
2019_1199_1330,0.9520160614136441
2019_1199_1332,0.7892663420340152
2019_1199_1341,0.9800211870839108
2019_1199_1345,0.6097494656313366
2019_1199_1371,0.8173535775763503
2019_1199_1385,0.8228284469539054
2019_1199_1387,0.9289304535194837
2019_1199_1388,0.7416853713600218
2019_1199_1393,0.7778353171343666
2019_1199_1396,0.8419452000716293
2019_1199_1397,0.43610652486296775
2019_1199_1403,0.544857773353429
2019_1199_1414,0.7904906510414305
2019_1199_1416,0.8388085142572324
2019_1199_1429,0.7342942712671222
2019_1199_1433,0.821879617497292
2019_1199_1436,0.9081637411145473
2019_1199_1437,0.6518821860334915
2019_1199_1438,0.3270217264383138
2019_1199_1439,0.6252719726154644
2019_1199_1449,0.6772928966785793
2019_1199_1458,0.6176653922209366
2019_1199_1459,0.7358541350739075
2019_1199_1463,0.9668023424826204
2019_1205_1209,0.2618569900845532
2019_1205_1211,0.047209279515724276
2019_1205_1222,0.02753005591157052
2019_1205_1233,0.733856421978743
2019_1205_1234,0.10521131415475447
2019_1205_1235,0.07057248898145567
2019_1205_1242,0.033195811589865114
2019_1205_1243,0.044971552621150344
2019_1205_1246,0.047857447084085396
2019_1205_1251,0.3088275565945763
2019_1205_1257,0.14106792487059805
2019_1205_1261,0.05345455101870239
2019_1205_1266,0.04246486535793547
2019_1205_1268,0.10651926068147602
2019_1205_1276,0.0417800478044207
2019_1205_1277,0.03683796893364839
2019_1205_1278,0.1450065251615128
2019_1205_1279,0.13735203096135162
2019_1205_1280,0.06743732312467172
2019_1205_1285,0.3772234682803917
2019_1205_1293,0.207263542708165
2019_1205_1295,0.5896549841356729
2019_1205_1297,0.3104599427586998
2019_1205_1300,0.8807145628928238
2019_1205_1305,0.04532999482835909
2019_1205_1308,0.10960973189742165
2019_1205_1314,0.046727008331015965
2019_1205_1318,0.25893733826662424
2019_1205_1326,0.15289421454457036
2019_1205_1328,0.17063095965278396
2019_1205_1330,0.27078927848049644
2019_1205_1332,0.08932972801108123
2019_1205_1341,0.6783663529718457
2019_1205_1345,0.0703291970779632
2019_1205_1371,0.17338410588249464
2019_1205_1385,0.3516837944995547
2019_1205_1387,0.2027807267705716
2019_1205_1388,0.12773975514466002
2019_1205_1393,0.15736518302684213
2019_1205_1396,0.16166644806261446
2019_1205_1397,0.0420658096350846
2019_1205_1403,0.026915440143857158
2019_1205_1414,0.16480998328588756
2019_1205_1416,0.10417211407959831
2019_1205_1429,0.06589640105048232
2019_1205_1433,0.07721085683509066
2019_1205_1436,0.2359510812502038
2019_1205_1437,0.05710016548353951
2019_1205_1438,0.03793603752708599
2019_1205_1439,0.04625914553176566
2019_1205_1449,0.09078568807362893
2019_1205_1458,0.06989979791753996
2019_1205_1459,0.05522344273005281
2019_1205_1463,0.41320525543678854
2019_1209_1211,0.04912654875901027
2019_1209_1222,0.056591793403842926
2019_1209_1233,0.8885976292913571
2019_1209_1234,0.18879294527715254
2019_1209_1235,0.09618166026949763
2019_1209_1242,0.0930722159076481
2019_1209_1243,0.07582760374676754
2019_1209_1246,0.045309341244952284
2019_1209_1251,0.3799981746817673
2019_1209_1257,0.19825630761169477
2019_1209_1261,0.06732446907688865
2019_1209_1266,0.08914677819410174
2019_1209_1268,0.16217376260850921
2019_1209_1276,0.05024545803395036
2019_1209_1277,0.06521104685820538
2019_1209_1278,0.24596146314726408
2019_1209_1279,0.2573801701377417
2019_1209_1280,0.11962102092426466
2019_1209_1285,0.5047426139781308
2019_1209_1293,0.3844121832674982
2019_1209_1295,0.7670064707099934
2019_1209_1297,0.46590345614402234
2019_1209_1300,0.9735648391427906
2019_1209_1305,0.13024957377147292
2019_1209_1308,0.26642424160778155
2019_1209_1314,0.07147860021176838
2019_1209_1318,0.5315641345129518
2019_1209_1326,0.2423920047337825
2019_1209_1328,0.2612649186024853
2019_1209_1330,0.42018088728439396
2019_1209_1332,0.241553473567483
2019_1209_1341,0.7522769723604285
2019_1209_1345,0.0923537144552987
2019_1209_1371,0.25985888589896355
2019_1209_1385,0.3951818113492034
2019_1209_1387,0.47532346729957464
2019_1209_1388,0.29304839511813574
2019_1209_1393,0.26268235022206493
2019_1209_1396,0.3364175487943738
2019_1209_1397,0.03767943406108434
2019_1209_1403,0.04687254103892305
2019_1209_1414,0.27417062363570566
2019_1209_1416,0.24514418604337102
2019_1209_1429,0.24708340977776347
2019_1209_1433,0.2546026468372631
2019_1209_1436,0.4147568605444333
2019_1209_1437,0.10964492507719842
2019_1209_1438,0.03613012513470535
2019_1209_1439,0.06681765959602944
2019_1209_1449,0.202949439393764
2019_1209_1458,0.08883150008357203
2019_1209_1459,0.23426226449632304
2019_1209_1463,0.6097867916845598
2019_1211_1222,0.6165699329721495
2019_1211_1233,0.9905523813918331
2019_1211_1234,0.8186845259030028
2019_1211_1235,0.7471152181217022
2019_1211_1242,0.547989381753936
2019_1211_1243,0.6893168398623307
2019_1211_1246,0.5648450982419801
2019_1211_1251,0.9218202468895428
2019_1211_1257,0.7137751836327708
2019_1211_1261,0.6849202876483284
2019_1211_1266,0.7434991147077725
2019_1211_1268,0.6989312796092906
2019_1211_1276,0.5361682026235269
2019_1211_1277,0.5563207345320899
2019_1211_1278,0.8257066097455859
2019_1211_1279,0.8696787201546456
2019_1211_1280,0.7454614851108404
2019_1211_1285,0.9340975675235772
2019_1211_1293,0.9367533803599893
2019_1211_1295,0.9881564038868804
2019_1211_1297,0.938836836867821
2019_1211_1300,0.994770228223475
2019_1211_1305,0.6922927207584696
2019_1211_1308,0.8344189200575318
2019_1211_1314,0.5461250349863046
2019_1211_1318,0.9449394111936807
2019_1211_1326,0.8772296990171726
2019_1211_1328,0.8741827755848262
2019_1211_1330,0.9261970885317313
2019_1211_1332,0.8629270011313032
2019_1211_1341,0.9739323593498617
2019_1211_1345,0.7046028645698613
2019_1211_1371,0.8987651788430131
2019_1211_1385,0.9164191602027163
2019_1211_1387,0.9403169462757703
2019_1211_1388,0.8806117426677305
2019_1211_1393,0.7619683749010318
2019_1211_1396,0.9053210490766136
2019_1211_1397,0.5052137478877896
2019_1211_1403,0.6136845025629343
2019_1211_1414,0.8165853996058845
2019_1211_1416,0.880708283183973
2019_1211_1429,0.8554206270482803
2019_1211_1433,0.8241955399660496
2019_1211_1436,0.9232763171330903
2019_1211_1437,0.7330232692188903
2019_1211_1438,0.46118003702239635
2019_1211_1439,0.7082661506907069
2019_1211_1449,0.7626896217288143
2019_1211_1458,0.7202199760237203
2019_1211_1459,0.7898260985362403
2019_1211_1463,0.9748673298099233
2019_1222_1233,0.9945685011933941
2019_1222_1234,0.6725999037967215
2019_1222_1235,0.574010438998337
2019_1222_1242,0.6170367317624578
2019_1222_1243,0.6571406932698803
2019_1222_1246,0.4060172223076346
2019_1222_1251,0.9189863321761719
2019_1222_1257,0.6544590342437523
2019_1222_1261,0.5172365306647014
2019_1222_1266,0.6567052174168679
2019_1222_1268,0.6061857902362962
2019_1222_1276,0.3808941654897004
2019_1222_1277,0.35272147904718215
2019_1222_1278,0.6900198380659024
2019_1222_1279,0.7838079200477727
2019_1222_1280,0.6316067674311605
2019_1222_1285,0.9496777449054502
2019_1222_1293,0.8237826506618173
2019_1222_1295,0.9791429670741761
2019_1222_1297,0.930815339450889
2019_1222_1300,0.9906796819317203
2019_1222_1305,0.6521454048017786
2019_1222_1308,0.7660638669389679
2019_1222_1314,0.36362935193775464
2019_1222_1318,0.9195638787923163
2019_1222_1326,0.6960784508130294
2019_1222_1328,0.684843258395725
2019_1222_1330,0.9015169747724285
2019_1222_1332,0.7914385619322822
2019_1222_1341,0.9853480206415396
2019_1222_1345,0.5549949851371295
2019_1222_1371,0.8093136743742042
2019_1222_1385,0.8378345543821948
2019_1222_1387,0.9145276969402037
2019_1222_1388,0.8119592206568431
2019_1222_1393,0.6777935130268539
2019_1222_1396,0.8441209371861912
2019_1222_1397,0.39147447187709594
2019_1222_1403,0.4848964437540733
2019_1222_1414,0.8217875301765792
2019_1222_1416,0.8221961212042072
2019_1222_1429,0.7036152425681115
2019_1222_1433,0.7954599590244994
2019_1222_1436,0.9002201774059571
2019_1222_1437,0.7136720808337895
2019_1222_1438,0.3146388844919518
2019_1222_1439,0.5496639723807725
2019_1222_1449,0.6712433645185457
2019_1222_1458,0.5656387747268727
2019_1222_1459,0.6718464144880134
2019_1222_1463,0.946871805678881
2019_1233_1234,0.03654145432645297
2019_1233_1235,0.052156032743581285
2019_1233_1242,0.041420627669618765
2019_1233_1243,0.02818448410425718
2019_1233_1246,0.04328834434035899
2019_1233_1251,0.1361533408557071
2019_1233_1257,0.0458944247430565
2019_1233_1261,0.03290186965434458
2019_1233_1266,0.056718619410241713
2019_1233_1268,0.053230396947520825
2019_1233_1276,0.025077022068254753
2019_1233_1277,0.040027195247326224
2019_1233_1278,0.04787922592188226
2019_1233_1279,0.0808457043634711
2019_1233_1280,0.05245911808501539
2019_1233_1285,0.1878469144020404
2019_1233_1293,0.11887562092417554
2019_1233_1295,0.35678296808217774
2019_1233_1297,0.1382735499585373
2019_1233_1300,0.6912997176785796
2019_1233_1305,0.023033853022659652
2019_1233_1308,0.06157464988802433
2019_1233_1314,0.04859548181303991
2019_1233_1318,0.17100659355635456
2019_1233_1326,0.045055159140139245
2019_1233_1328,0.04307340534216085
2019_1233_1330,0.14131319453257407
2019_1233_1332,0.0543282301283522
2019_1233_1341,0.46160907044556754
2019_1233_1345,0.049301148990845985
2019_1233_1371,0.04225517580179944
2019_1233_1385,0.14880112217364425
2019_1233_1387,0.16588907576570294
2019_1233_1388,0.05462628644981103
2019_1233_1393,0.04199711896429271
2019_1233_1396,0.10966773971046254
2019_1233_1397,0.03645453931330242
2019_1233_1403,0.022014816530071084
2019_1233_1414,0.09803638144912497
2019_1233_1416,0.06532732589668397
2019_1233_1429,0.036670654044597836
2019_1233_1433,0.038174288741937214
2019_1233_1436,0.13900954040979197
2019_1233_1437,0.048774834330774376
2019_1233_1438,0.02537322459566586
2019_1233_1439,0.05888748993217617
2019_1233_1449,0.04379621380064651
2019_1233_1458,0.04117917627533515
2019_1233_1459,0.02643785738531634
2019_1233_1463,0.18321992417452476
2019_1234_1235,0.46629131297176807
2019_1234_1242,0.322160171897064
2019_1234_1243,0.3728778384331409
2019_1234_1246,0.24421133349918228
2019_1234_1251,0.7012212631230791
2019_1234_1257,0.5305220470984358
2019_1234_1261,0.369752967676414
2019_1234_1266,0.46624758965874874
2019_1234_1268,0.4830753445331876
2019_1234_1276,0.2001339296076497
2019_1234_1277,0.21513754097399157
2019_1234_1278,0.4996639455918515
2019_1234_1279,0.6951052707687233
2019_1234_1280,0.4131071769698557
2019_1234_1285,0.8220477158652093
2019_1234_1293,0.7346099576695454
2019_1234_1295,0.9704727698449855
2019_1234_1297,0.7475249821560536
2019_1234_1300,0.996099254969202
2019_1234_1305,0.3144169760162514
2019_1234_1308,0.6638972616410537
2019_1234_1314,0.19539463478429026
2019_1234_1318,0.7896723115115161
2019_1234_1326,0.5997959973233048
2019_1234_1328,0.5514135879871488
2019_1234_1330,0.7790606643439315
2019_1234_1332,0.5558722256271064
2019_1234_1341,0.9084414674963748
2019_1234_1345,0.3425497741894558
2019_1234_1371,0.6496113954242809
2019_1234_1385,0.6744946189737557
2019_1234_1387,0.7887245474503318
2019_1234_1388,0.6161510488335363
2019_1234_1393,0.5617379031433662
2019_1234_1396,0.6876930934819466
2019_1234_1397,0.2255387185123525
2019_1234_1403,0.29048688590703514
2019_1234_1414,0.7193017487011559
2019_1234_1416,0.6084328439100095
2019_1234_1429,0.5124875935002721
2019_1234_1433,0.5759764428830529
2019_1234_1436,0.7273611788521254
2019_1234_1437,0.43000692453299755
2019_1234_1438,0.1542097550256024
2019_1234_1439,0.4081787348375397
2019_1234_1449,0.45631633864484833
2019_1234_1458,0.3818452398374696
2019_1234_1459,0.39819322430174775
2019_1234_1463,0.8259436332713773
2019_1235_1242,0.33839343785799125
2019_1235_1243,0.4126417578200445
2019_1235_1246,0.290019571078325
2019_1235_1251,0.8179335204537074
2019_1235_1257,0.5292596668898301
2019_1235_1261,0.35553577230291983
2019_1235_1266,0.5157769969443244
2019_1235_1268,0.513969800239221
2019_1235_1276,0.23080449220631208
2019_1235_1277,0.2188096283381061
2019_1235_1278,0.5532666367938901
2019_1235_1279,0.7092949272240149
2019_1235_1280,0.4773433912546984
2019_1235_1285,0.8420274189314016
2019_1235_1293,0.7680912722015134
2019_1235_1295,0.9708826891533626
2019_1235_1297,0.8203927654892245
2019_1235_1300,0.981139700522348
2019_1235_1305,0.4880862664900741
2019_1235_1308,0.7038110100011837
2019_1235_1314,0.20817967023362752
2019_1235_1318,0.8458527583015351
2019_1235_1326,0.6305849152792581
2019_1235_1328,0.6060960464178622
2019_1235_1330,0.8367710814588587
2019_1235_1332,0.6693185487910264
2019_1235_1341,0.9185504391495773
2019_1235_1345,0.43465140307425
2019_1235_1371,0.6511160465571033
2019_1235_1385,0.7356447266047789
2019_1235_1387,0.8473141324459271
2019_1235_1388,0.7017972156642508
2019_1235_1393,0.6034673480806646
2019_1235_1396,0.7230954729603328
2019_1235_1397,0.20318683214710379
2019_1235_1403,0.4179295052304702
2019_1235_1414,0.7176120132367222
2019_1235_1416,0.6742393547993522
2019_1235_1429,0.6874587149459603
2019_1235_1433,0.7305571763912766
2019_1235_1436,0.819275677637986
2019_1235_1437,0.5499870596776144
2019_1235_1438,0.20300633016038544
2019_1235_1439,0.4858205290293474
2019_1235_1449,0.546731701051357
2019_1235_1458,0.43396874308102695
2019_1235_1459,0.6073636043125368
2019_1235_1463,0.9414934688470533
2019_1242_1243,0.6219930445225141
2019_1242_1246,0.4758280261473383
2019_1242_1251,0.8250241361087151
2019_1242_1257,0.6762260878611822
2019_1242_1261,0.5410941296431875
2019_1242_1266,0.6827322521043404
2019_1242_1268,0.6864343614916093
2019_1242_1276,0.4099413530477305
2019_1242_1277,0.45587576112452716
2019_1242_1278,0.7114061422249326
2019_1242_1279,0.7787964555386918
2019_1242_1280,0.6737068731470559
2019_1242_1285,0.8994461596395422
2019_1242_1293,0.789596852504401
2019_1242_1295,0.9858104029876317
2019_1242_1297,0.8820655401233141
2019_1242_1300,1.0
2019_1242_1305,0.5510291264857204
2019_1242_1308,0.7304103690094168
2019_1242_1314,0.4676910735597162
2019_1242_1318,0.9593234724433909
2019_1242_1326,0.7603816180794607
2019_1242_1328,0.7591767023290373
2019_1242_1330,0.8981681946362933
2019_1242_1332,0.8062746483470936
2019_1242_1341,0.9908535971508589
2019_1242_1345,0.5805779521424855
2019_1242_1371,0.7948047841516508
2019_1242_1385,0.820908707976164
2019_1242_1387,0.948978290456917
2019_1242_1388,0.8080532733506429
2019_1242_1393,0.7274780504891828
2019_1242_1396,0.8427329121904623
2019_1242_1397,0.37085957526084545
2019_1242_1403,0.5153156131578125
2019_1242_1414,0.7798641353224168
2019_1242_1416,0.8252961164930266
2019_1242_1429,0.7519756553519685
2019_1242_1433,0.7306649775366564
2019_1242_1436,0.8601066974804155
2019_1242_1437,0.624662693864703
2019_1242_1438,0.2795842764516101
2019_1242_1439,0.6027274172874417
2019_1242_1449,0.6706938494173206
2019_1242_1458,0.5995113741776953
2019_1242_1459,0.7061768598562772
2019_1242_1463,0.9510768107328744
2019_1243_1246,0.3608258756350386
2019_1243_1251,0.7536849015326565
2019_1243_1257,0.5471480874025795
2019_1243_1261,0.428688166338277
2019_1243_1266,0.573966662532079
2019_1243_1268,0.5612479201210743
2019_1243_1276,0.3196240965346833
2019_1243_1277,0.24128047096569508
2019_1243_1278,0.6265397242449428
2019_1243_1279,0.7140530670014233
2019_1243_1280,0.5480434037991826
2019_1243_1285,0.8834555274112231
2019_1243_1293,0.8183162601524063
2019_1243_1295,0.968016916071611
2019_1243_1297,0.8184937737558532
2019_1243_1300,0.9821908302583822
2019_1243_1305,0.5318042774101452
2019_1243_1308,0.6537013218399699
2019_1243_1314,0.26156395368570856
2019_1243_1318,0.8402403169194702
2019_1243_1326,0.6502598104810788
2019_1243_1328,0.6428974461261484
2019_1243_1330,0.8513822058861417
2019_1243_1332,0.7121941100056818
2019_1243_1341,0.9674322174782376
2019_1243_1345,0.4978459648139955
2019_1243_1371,0.6990110382053968
2019_1243_1385,0.7392304226611166
2019_1243_1387,0.8772053760678208
2019_1243_1388,0.7625018103472815
2019_1243_1393,0.6524515453427235
2019_1243_1396,0.7569595582547326
2019_1243_1397,0.2226204586832301
2019_1243_1403,0.4245739335762796
2019_1243_1414,0.7180670554608918
2019_1243_1416,0.7315023102835473
2019_1243_1429,0.6751244523077279
2019_1243_1433,0.77914079757945
2019_1243_1436,0.8114423419594443
2019_1243_1437,0.5217738493436129
2019_1243_1438,0.22654862460720604
2019_1243_1439,0.5546359533353046
2019_1243_1449,0.5699850389495797
2019_1243_1458,0.5307933336958442
2019_1243_1459,0.5738639032660642
2019_1243_1463,0.9440415328348714
2019_1246_1251,0.8937996452483646
2019_1246_1257,0.7601077288280769
2019_1246_1261,0.5843645804940306
2019_1246_1266,0.6956335333578493
2019_1246_1268,0.7059442537111754
2019_1246_1276,0.4226234392240522
2019_1246_1277,0.49305093338808414
2019_1246_1278,0.7871030181868389
2019_1246_1279,0.8260502397952458
2019_1246_1280,0.69507785280683
2019_1246_1285,0.9277580925636003
2019_1246_1293,0.8964090581131268
2019_1246_1295,0.9659667430095483
2019_1246_1297,0.9357597430968995
2019_1246_1300,0.9842869708683473
2019_1246_1305,0.6975817474674298
2019_1246_1308,0.7524886269819039
2019_1246_1314,0.46230258479322583
2019_1246_1318,0.9514507126879288
2019_1246_1326,0.8352810203364557
2019_1246_1328,0.8216688403858345
2019_1246_1330,0.9120693425594703
2019_1246_1332,0.8041915502973978
2019_1246_1341,0.9970621797735854
2019_1246_1345,0.6041544881614475
2019_1246_1371,0.8261568757227438
2019_1246_1385,0.9083230641200095
2019_1246_1387,0.9919927636622308
2019_1246_1388,0.8507399654650399
2019_1246_1393,0.7986490953030667
2019_1246_1396,0.9231153380105784
2019_1246_1397,0.4342050699683068
2019_1246_1403,0.6424583476596922
2019_1246_1414,0.818322504042048
2019_1246_1416,0.8409784792194668
2019_1246_1429,0.7606762407692722
2019_1246_1433,0.8355042179995199
2019_1246_1436,0.9133774216485023
2019_1246_1437,0.6551901009263419
2019_1246_1438,0.42105982429115263
2019_1246_1439,0.6605270778587247
2019_1246_1449,0.7151750516396029
2019_1246_1458,0.6219697318824796
2019_1246_1459,0.7073934831860161
2019_1246_1463,0.9794599156599819
2019_1251_1257,0.30683762552992894
2019_1251_1261,0.22653451609312505
2019_1251_1266,0.20264013372052425
2019_1251_1268,0.31839387803121527
2019_1251_1276,0.06630045615930848
2019_1251_1277,0.10128833796775191
2019_1251_1278,0.33111618213552135
2019_1251_1279,0.34427526131864206
2019_1251_1280,0.2578811575656733
2019_1251_1285,0.6478941360122061
2019_1251_1293,0.4961854918326298
2019_1251_1295,0.846671668622623
2019_1251_1297,0.5469460608121017
2019_1251_1300,0.971742043506211
2019_1251_1305,0.21438772435384035
2019_1251_1308,0.3213355641003242
2019_1251_1314,0.05922708521691639
2019_1251_1318,0.5452726864044306
2019_1251_1326,0.3527290550207952
2019_1251_1328,0.3990478743123593
2019_1251_1330,0.5103315754659306
2019_1251_1332,0.28056075044027406
2019_1251_1341,0.8463300780373544
2019_1251_1345,0.2566993160510333
2019_1251_1371,0.3677416073541992
2019_1251_1385,0.5031510823982134
2019_1251_1387,0.5288639990976308
2019_1251_1388,0.37687187780251835
2019_1251_1393,0.3692928914419149
2019_1251_1396,0.5241465258521317
2019_1251_1397,0.047951219930639895
2019_1251_1403,0.14962173180708932
2019_1251_1414,0.3519215869691583
2019_1251_1416,0.32080057541530305
2019_1251_1429,0.22579290899037865
2019_1251_1433,0.30611576286921816
2019_1251_1436,0.5249793579867144
2019_1251_1437,0.21379609407312253
2019_1251_1438,0.05867713597679718
2019_1251_1439,0.19413567962298994
2019_1251_1449,0.3140869042241681
2019_1251_1458,0.20833587380530116
2019_1251_1459,0.24661785159236713
2019_1251_1463,0.6304472179992714
2019_1257_1261,0.37314651586810066
2019_1257_1266,0.5118647464233641
2019_1257_1268,0.4753099822910917
2019_1257_1276,0.22735560580182548
2019_1257_1277,0.21944517598729668
2019_1257_1278,0.5252759660001105
2019_1257_1279,0.6696992456191253
2019_1257_1280,0.4443465206460566
2019_1257_1285,0.8103478185358542
2019_1257_1293,0.7480697971110241
2019_1257_1295,0.9932137326522449
2019_1257_1297,0.7976009737174791
2019_1257_1300,0.9813115858347216
2019_1257_1305,0.46481161714665803
2019_1257_1308,0.6597657033606629
2019_1257_1314,0.2532583403656934
2019_1257_1318,0.8141366834654002
2019_1257_1326,0.5937354060362859
2019_1257_1328,0.5589244666988001
2019_1257_1330,0.7977380678561332
2019_1257_1332,0.6083457500764063
2019_1257_1341,0.880480468389265
2019_1257_1345,0.34609778901596105
2019_1257_1371,0.6046528435685756
2019_1257_1385,0.6759356376925932
2019_1257_1387,0.8030570495801787
2019_1257_1388,0.6744543822691265
2019_1257_1393,0.540014844520812
2019_1257_1396,0.7053411109685672
2019_1257_1397,0.22262084641276375
2019_1257_1403,0.30251435960659095
2019_1257_1414,0.6268713608313569
2019_1257_1416,0.654510367440173
2019_1257_1429,0.6335124960993945
2019_1257_1433,0.663506440371715
2019_1257_1436,0.7331210677598833
2019_1257_1437,0.5590155733501938
2019_1257_1438,0.19569240587859021
2019_1257_1439,0.4089436523889207
2019_1257_1449,0.5388980898261931
2019_1257_1458,0.35793593528980283
2019_1257_1459,0.6856954113781079
2019_1257_1463,0.8646473714272505
2019_1261_1266,0.6527003750442455
2019_1261_1268,0.6241849308833632
2019_1261_1276,0.3500341875468964
2019_1261_1277,0.3408289951599919
2019_1261_1278,0.6586078866857378
2019_1261_1279,0.7523575164689693
2019_1261_1280,0.5952520661368809
2019_1261_1285,0.9140696844891932
2019_1261_1293,0.862151678393249
2019_1261_1295,0.982070373431296
2019_1261_1297,0.8737488271812127
2019_1261_1300,1.0
2019_1261_1305,0.5031322249319754
2019_1261_1308,0.7435059916742073
2019_1261_1314,0.32177771684452805
2019_1261_1318,0.8846791221382075
2019_1261_1326,0.7600812617224418
2019_1261_1328,0.708584573764002
2019_1261_1330,0.8975480632552375
2019_1261_1332,0.7262386715407876
2019_1261_1341,0.973641371616449
2019_1261_1345,0.540735319379797
2019_1261_1371,0.770381400638644
2019_1261_1385,0.7919174919952807
2019_1261_1387,0.8481510357311585
2019_1261_1388,0.7628637388883576
2019_1261_1393,0.6816168557373833
2019_1261_1396,0.7894245478742657
2019_1261_1397,0.3306708989853928
2019_1261_1403,0.5222418068878484
2019_1261_1414,0.7739028528203235
2019_1261_1416,0.7609265948101723
2019_1261_1429,0.6987890688849272
2019_1261_1433,0.7557204803390509
2019_1261_1436,0.8553357091265275
2019_1261_1437,0.6027719180292171
2019_1261_1438,0.2521362585752025
2019_1261_1439,0.5875903940710321
2019_1261_1449,0.5858558785082225
2019_1261_1458,0.5442142276479738
2019_1261_1459,0.6212268969284274
2019_1261_1463,0.9130782758300549
2019_1266_1268,0.5369300181298358
2019_1266_1276,0.21783648061168873
2019_1266_1277,0.2303447567632167
2019_1266_1278,0.5862907886531276
2019_1266_1279,0.6560514444910117
2019_1266_1280,0.5092021799072349
2019_1266_1285,0.8633878911740139
2019_1266_1293,0.7524397634876018
2019_1266_1295,0.9508966052002171
2019_1266_1297,0.8026900350609946
2019_1266_1300,0.9986745648567834
2019_1266_1305,0.4275208047174899
2019_1266_1308,0.6491156336346917
2019_1266_1314,0.23480747648771444
2019_1266_1318,0.7966274046244073
2019_1266_1326,0.6335501115420304
2019_1266_1328,0.5586598898244205
2019_1266_1330,0.7805255288731505
2019_1266_1332,0.6305391333772502
2019_1266_1341,0.9612429182740527
2019_1266_1345,0.3960844479017163
2019_1266_1371,0.6424906652531753
2019_1266_1385,0.7211825457826696
2019_1266_1387,0.8385553213181748
2019_1266_1388,0.6481351667462175
2019_1266_1393,0.6071430416620524
2019_1266_1396,0.6641026007352573
2019_1266_1397,0.2026090749860253
2019_1266_1403,0.396857724320962
2019_1266_1414,0.7149052101252376
2019_1266_1416,0.6144943044470285
2019_1266_1429,0.6699693959763924
2019_1266_1433,0.6570937150525623
2019_1266_1436,0.7696899063392101
2019_1266_1437,0.4281174516428967
2019_1266_1438,0.17787795526620137
2019_1266_1439,0.4872012604304064
2019_1266_1449,0.5106609234703408
2019_1266_1458,0.4338086425153153
2019_1266_1459,0.5854210102004805
2019_1266_1463,0.8659108673935965
2019_1268_1276,0.23671660498855734
2019_1268_1277,0.24334294387241698
2019_1268_1278,0.5361030421756435
2019_1268_1279,0.6531910530983893
2019_1268_1280,0.45878789495905137
2019_1268_1285,0.8254543595971181
2019_1268_1293,0.7669679150469039
2019_1268_1295,0.9697011980976424
2019_1268_1297,0.7779709222250232
2019_1268_1300,0.9872491445395944
2019_1268_1305,0.4115159101486983
2019_1268_1308,0.7225033254537291
2019_1268_1314,0.24609766186844903
2019_1268_1318,0.8229671126913936
2019_1268_1326,0.6153899579548121
2019_1268_1328,0.608939666542086
2019_1268_1330,0.7999993183858262
2019_1268_1332,0.633818894572136
2019_1268_1341,0.9225510870696108
2019_1268_1345,0.3962756611717427
2019_1268_1371,0.6660979729536182
2019_1268_1385,0.6889948658735541
2019_1268_1387,0.7896105102930692
2019_1268_1388,0.726083939415414
2019_1268_1393,0.6113245378726615
2019_1268_1396,0.7331788737553987
2019_1268_1397,0.22595150373176107
2019_1268_1403,0.3623641090176185
2019_1268_1414,0.7187384037888322
2019_1268_1416,0.6723443017459624
2019_1268_1429,0.6113321528682141
2019_1268_1433,0.649976163905169
2019_1268_1436,0.7249011542789141
2019_1268_1437,0.45589750023642633
2019_1268_1438,0.22091566626001227
2019_1268_1439,0.45507333334864103
2019_1268_1449,0.5730267683430834
2019_1268_1458,0.39980093933952904
2019_1268_1459,0.6219602024585044
2019_1268_1463,0.8361894606279998
2019_1276_1277,0.49587684410078303
2019_1276_1278,0.7964505522299932
2019_1276_1279,0.8635052048311999
2019_1276_1280,0.7556041107618144
2019_1276_1285,0.9711490502671596
2019_1276_1293,0.9324468867942831
2019_1276_1295,0.9807265559435858
2019_1276_1297,0.9727564177201986
2019_1276_1300,0.9829002539057554
2019_1276_1305,0.732749484314861
2019_1276_1308,0.8362697877877496
2019_1276_1314,0.4909550948701959
2019_1276_1318,0.9711097779363429
2019_1276_1326,0.8611232523017746
2019_1276_1328,0.8570074221342595
2019_1276_1330,0.9627563663976841
2019_1276_1332,0.8370333881588002
2019_1276_1341,0.991804702860322
2019_1276_1345,0.6398838338028849
2019_1276_1371,0.8671348499734065
2019_1276_1385,0.9057707513266106
2019_1276_1387,0.961827381432945
2019_1276_1388,0.867330320706114
2019_1276_1393,0.8497110182034469
2019_1276_1396,0.9208379632354544
2019_1276_1397,0.429246232139933
2019_1276_1403,0.6615896251415653
2019_1276_1414,0.8883065887657556
2019_1276_1416,0.8624844778409271
2019_1276_1429,0.7796742048599459
2019_1276_1433,0.8484490189800856
2019_1276_1436,0.9164820706628375
2019_1276_1437,0.7157366332852977
2019_1276_1438,0.44529040549541266
2019_1276_1439,0.7274398384893451
2019_1276_1449,0.786683695827623
2019_1276_1458,0.6802769827250177
2019_1276_1459,0.7441015271916744
2019_1276_1463,0.9656034682850098
2019_1277_1278,0.8433865688073013
2019_1277_1279,0.8865159364799508
2019_1277_1280,0.7555447698787021
2019_1277_1285,0.9272182598243814
2019_1277_1293,0.9265318551685761
2019_1277_1295,0.9506848596357005
2019_1277_1297,0.9237326776554338
2019_1277_1300,0.9831872312797271
2019_1277_1305,0.7174138078016673
2019_1277_1308,0.8122172923204078
2019_1277_1314,0.49258622327426455
2019_1277_1318,0.9704640346629454
2019_1277_1326,0.8652121153755992
2019_1277_1328,0.8588413606049982
2019_1277_1330,0.9187521404277528
2019_1277_1332,0.8892014897634883
2019_1277_1341,0.9344316594465857
2019_1277_1345,0.6623835765351801
2019_1277_1371,0.907855652177297
2019_1277_1385,0.9319131591266038
2019_1277_1387,0.9229280885843151
2019_1277_1388,0.8688235702232828
2019_1277_1393,0.8324590147261828
2019_1277_1396,0.9399107234392833
2019_1277_1397,0.48952876252130195
2019_1277_1403,0.6824618916531315
2019_1277_1414,0.8343399213390713
2019_1277_1416,0.926179641516007
2019_1277_1429,0.8473310398716478
2019_1277_1433,0.8990617240550934
2019_1277_1436,0.9274931039051043
2019_1277_1437,0.7690020991297853
2019_1277_1438,0.45666027172005696
2019_1277_1439,0.7324986667521098
2019_1277_1449,0.8137217703915419
2019_1277_1458,0.7098868996613393
2019_1277_1459,0.7906332869068805
2019_1277_1463,0.9822384209565416
2019_1278_1279,0.591995413617008
2019_1278_1280,0.4314408434588154
2019_1278_1285,0.7523492125497778
2019_1278_1293,0.7103773710017086
2019_1278_1295,0.9617793391770229
2019_1278_1297,0.7484940989513634
2019_1278_1300,0.9884996993699416
2019_1278_1305,0.2689252479569993
2019_1278_1308,0.5460035236688234
2019_1278_1314,0.14464816516602572
2019_1278_1318,0.7480836758150952
2019_1278_1326,0.5612577743935655
2019_1278_1328,0.557815573758755
2019_1278_1330,0.7396656237335849
2019_1278_1332,0.5430486066956243
2019_1278_1341,0.9232950452972276
2019_1278_1345,0.2976061902995145
2019_1278_1371,0.598491007545809
2019_1278_1385,0.6125876865741764
2019_1278_1387,0.7447883288001369
2019_1278_1388,0.5566639850785612
2019_1278_1393,0.580233209411657
2019_1278_1396,0.6813495906426267
2019_1278_1397,0.18347464890332957
2019_1278_1403,0.29687505498568656
2019_1278_1414,0.7067188170652279
2019_1278_1416,0.5687479985598118
2019_1278_1429,0.41380172140582555
2019_1278_1433,0.5153041166441987
2019_1278_1436,0.6943701018217705
2019_1278_1437,0.378720422365048
2019_1278_1438,0.14383810554997595
2019_1278_1439,0.38064308134984065
2019_1278_1449,0.48025038355997735
2019_1278_1458,0.3807950153303276
2019_1278_1459,0.30020173363893304
2019_1278_1463,0.7613299810010813
2019_1279_1280,0.34237311589402786
2019_1279_1285,0.7496345499342091
2019_1279_1293,0.6761547245850251
2019_1279_1295,0.9728990128976304
2019_1279_1297,0.7451573956538582
2019_1279_1300,0.9857956769742022
2019_1279_1305,0.25315877925072494
2019_1279_1308,0.6081409634667766
2019_1279_1314,0.1237042112851941
2019_1279_1318,0.703731088042743
2019_1279_1326,0.47930259482066473
2019_1279_1328,0.4544273674521491
2019_1279_1330,0.6562817139765309
2019_1279_1332,0.4562039588973912
2019_1279_1341,0.8881042221651142
2019_1279_1345,0.26168474576272555
2019_1279_1371,0.4763545604329634
2019_1279_1385,0.5306575825871706
2019_1279_1387,0.7658810699388835
2019_1279_1388,0.5338964150240675
2019_1279_1393,0.41945786655184525
2019_1279_1396,0.5718313516356905
2019_1279_1397,0.15494758007922904
2019_1279_1403,0.24325593002378748
2019_1279_1414,0.5989288980357154
2019_1279_1416,0.4742769683552221
2019_1279_1429,0.38883863441056665
2019_1279_1433,0.4523962269933472
2019_1279_1436,0.6992692005514151
2019_1279_1437,0.2908876321159623
2019_1279_1438,0.1282806559962634
2019_1279_1439,0.29347221847099964
2019_1279_1449,0.30245953493961064
2019_1279_1458,0.28819562812386507
2019_1279_1459,0.32852002016135956
2019_1279_1463,0.7703746186566015
2019_1280_1285,0.8180918884281152
2019_1280_1293,0.7582706276841662
2019_1280_1295,0.9721636900577163
2019_1280_1297,0.7898015861828632
2019_1280_1300,0.9756293341526447
2019_1280_1305,0.40434943520333877
2019_1280_1308,0.7174608965160497
2019_1280_1314,0.21526960706900544
2019_1280_1318,0.8205475636950635
2019_1280_1326,0.637512321131608
2019_1280_1328,0.5981293062672868
2019_1280_1330,0.8183697217522133
2019_1280_1332,0.6429980415423292
2019_1280_1341,0.935113733405504
2019_1280_1345,0.405079745443639
2019_1280_1371,0.6893498283150218
2019_1280_1385,0.718004152385274
2019_1280_1387,0.8157541606653156
2019_1280_1388,0.7107753267166088
2019_1280_1393,0.597847853866593
2019_1280_1396,0.7165609639824492
2019_1280_1397,0.1997987917305782
2019_1280_1403,0.41056269822741576
2019_1280_1414,0.7312956352959757
2019_1280_1416,0.6848299481503399
2019_1280_1429,0.6380520242067131
2019_1280_1433,0.6867371622029382
2019_1280_1436,0.7683805260117462
2019_1280_1437,0.4688995802720084
2019_1280_1438,0.20406825249122088
2019_1280_1439,0.46443116608689883
2019_1280_1449,0.5731012870429829
2019_1280_1458,0.4465540059333242
2019_1280_1459,0.6087588881777616
2019_1280_1463,0.9117936365260884
2019_1285_1293,0.36255256930974916
2019_1285_1295,0.7587511024596385
2019_1285_1297,0.4527185171463306
2019_1285_1300,0.939493245962347
2019_1285_1305,0.086023436569041
2019_1285_1308,0.21195398193073173
2019_1285_1314,0.049097366952939044
2019_1285_1318,0.4741842145580555
2019_1285_1326,0.2800104162747505
2019_1285_1328,0.27610631647132056
2019_1285_1330,0.3991954867543043
2019_1285_1332,0.22521476323603892
2019_1285_1341,0.7688743466089435
2019_1285_1345,0.1519789737060439
2019_1285_1371,0.3267353448344226
2019_1285_1385,0.39537475381037385
2019_1285_1387,0.4702817551563933
2019_1285_1388,0.2827931634335835
2019_1285_1393,0.23518197758769932
2019_1285_1396,0.3453378623204974
2019_1285_1397,0.04395131279000139
2019_1285_1403,0.09175277740005186
2019_1285_1414,0.22915618648495242
2019_1285_1416,0.24653090006368691
2019_1285_1429,0.147250098931432
2019_1285_1433,0.22198005774592233
2019_1285_1436,0.4142447498335291
2019_1285_1437,0.20799607726102295
2019_1285_1438,0.052392170168277394
2019_1285_1439,0.1773017929271491
2019_1285_1449,0.1765805688355584
2019_1285_1458,0.14818759944869564
2019_1285_1459,0.14052410823791509
2019_1285_1463,0.5290873202767297
2019_1293_1295,0.847077209416287
2019_1293_1297,0.5230637655223068
2019_1293_1300,0.9699977692429428
2019_1293_1305,0.1575726016126525
2019_1293_1308,0.3323690873716613
2019_1293_1314,0.08035575302692245
2019_1293_1318,0.6099814484897038
2019_1293_1326,0.3974671649172494
2019_1293_1328,0.37363355805420007
2019_1293_1330,0.4974419830867187
2019_1293_1332,0.44745522625037865
2019_1293_1341,0.9044168361923993
2019_1293_1345,0.22312628408083418
2019_1293_1371,0.5190180040776593
2019_1293_1385,0.5057270175531936
2019_1293_1387,0.5801229920827531
2019_1293_1388,0.475373081402429
2019_1293_1393,0.3633902071651314
2019_1293_1396,0.5176604470933971
2019_1293_1397,0.1494483283021976
2019_1293_1403,0.14857061380614026
2019_1293_1414,0.35391729660801147
2019_1293_1416,0.45921069781132084
2019_1293_1429,0.3338910444310378
2019_1293_1433,0.406991361487008
2019_1293_1436,0.5321542855600421
2019_1293_1437,0.38831380455481707
2019_1293_1438,0.03829797891004756
2019_1293_1439,0.2932441431854548
2019_1293_1449,0.3627116074420779
2019_1293_1458,0.32522499604014626
2019_1293_1459,0.29409454542439967
2019_1293_1463,0.6880512762153455
2019_1295_1297,0.22187888052673094
2019_1295_1300,0.786371530188435
2019_1295_1305,0.02252149778275778
2019_1295_1308,0.10555301517803808
2019_1295_1314,0.05574208719032793
2019_1295_1318,0.24574237171106297
2019_1295_1326,0.07946359282479158
2019_1295_1328,0.0520938303657716
2019_1295_1330,0.1860153753154476
2019_1295_1332,0.07088232420358437
2019_1295_1341,0.628434880732779
2019_1295_1345,0.04450508457087901
2019_1295_1371,0.10755772791305483
2019_1295_1385,0.10731847908338783
2019_1295_1387,0.22802308096788595
2019_1295_1388,0.0635477575060417
2019_1295_1393,0.0773286733222502
2019_1295_1396,0.1382262628061242
2019_1295_1397,0.03795748330044364
2019_1295_1403,0.03379970598900214
2019_1295_1414,0.13827191829231422
2019_1295_1416,0.060615667798464626
2019_1295_1429,0.050742483579505636
2019_1295_1433,0.06616593848145752
2019_1295_1436,0.19939345574976428
2019_1295_1437,0.0545153637634368
2019_1295_1438,0.04149527838160465
2019_1295_1439,0.04364317688552739
2019_1295_1449,0.06088807696488462
2019_1295_1458,0.058198267105757595
2019_1295_1459,0.0322364655227004
2019_1295_1463,0.29760906267239373
2019_1297_1300,0.9797912898001435
2019_1297_1305,0.12163342509407227
2019_1297_1308,0.2449509902295155
2019_1297_1314,0.061065061937165516
2019_1297_1318,0.5212627487596762
2019_1297_1326,0.2789108600175628
2019_1297_1328,0.37401235389150067
2019_1297_1330,0.440714597570832
2019_1297_1332,0.2980070022765189
2019_1297_1341,0.8286217770051056
2019_1297_1345,0.1484238950745123
2019_1297_1371,0.3319559880396602
2019_1297_1385,0.42681006672561667
2019_1297_1387,0.4867265700239647
2019_1297_1388,0.2917905072788026
2019_1297_1393,0.3296193611009847
2019_1297_1396,0.43333958319867427
2019_1297_1397,0.04743076769967763
2019_1297_1403,0.08290168507944305
2019_1297_1414,0.2865985312740083
2019_1297_1416,0.2912707803149636
2019_1297_1429,0.24456682812301117
2019_1297_1433,0.2492591575427356
2019_1297_1436,0.4743548970481832
2019_1297_1437,0.23861034939897524
2019_1297_1438,0.044729962249810684
2019_1297_1439,0.18029296317644525
2019_1297_1449,0.18451377488987072
2019_1297_1458,0.15921908728088766
2019_1297_1459,0.2399852255078942
2019_1297_1463,0.6311620856847285
2019_1300_1305,0.039422578724110924
2019_1300_1308,0.013859922095499367
2019_1300_1314,0.03447625453469389
2019_1300_1318,0.008521890999686681
2019_1300_1326,0.038985975895963094
2019_1300_1328,0.028815177595632135
2019_1300_1330,0.044804306115291494
2019_1300_1332,0.03502884632917325
2019_1300_1341,0.2651639211612912
2019_1300_1345,0.027812560879551113
2019_1300_1371,0.004495149498982441
2019_1300_1385,0.02660205284754364
2019_1300_1387,0.051282484031630014
2019_1300_1388,0.04132724982105533
2019_1300_1393,0.025264131768378374
2019_1300_1396,0.02373330532242266
2019_1300_1397,0.021414098623341912
2019_1300_1403,0.029891547852643263
2019_1300_1414,0.020954351584388114
2019_1300_1416,0.030674206743795576
2019_1300_1429,0.02446850909007419
2019_1300_1433,0.03728827982242887
2019_1300_1436,0.03239687702504753
2019_1300_1437,0.02424930358484589
2019_1300_1438,0.029147131116415922
2019_1300_1439,0.038499036291380226
2019_1300_1449,0.004400148623716124
2019_1300_1458,0.01933461876996151
2019_1300_1459,0.005956459209382567
2019_1300_1463,0.0647481936079905
2019_1305_1308,0.6689027776981767
2019_1305_1314,0.3109934488500769
2019_1305_1318,0.8232848995556694
2019_1305_1326,0.6169623417427864
2019_1305_1328,0.6355874070816198
2019_1305_1330,0.8229093349057156
2019_1305_1332,0.6773934888051009
2019_1305_1341,0.9936366406252953
2019_1305_1345,0.4613769446648472
2019_1305_1371,0.7240159564722883
2019_1305_1385,0.809732893284484
2019_1305_1387,0.8144842902807445
2019_1305_1388,0.7470941707701572
2019_1305_1393,0.6550762986186225
2019_1305_1396,0.7528015945510628
2019_1305_1397,0.2386549556389606
2019_1305_1403,0.4565222105506553
2019_1305_1414,0.741254172308638
2019_1305_1416,0.6963294709702392
2019_1305_1429,0.6136643478332491
2019_1305_1433,0.6634111745611521
2019_1305_1436,0.8329674655388594
2019_1305_1437,0.5267161259668494
2019_1305_1438,0.18343369970631815
2019_1305_1439,0.5078266627728611
2019_1305_1449,0.5348875485203439
2019_1305_1458,0.44762783129296835
2019_1305_1459,0.5752922585357236
2019_1305_1463,0.8901864267132654
2019_1308_1314,0.1815033736494266
2019_1308_1318,0.7461945520492967
2019_1308_1326,0.5063317193101752
2019_1308_1328,0.4638976070070785
2019_1308_1330,0.654751785971319
2019_1308_1332,0.4952410717650748
2019_1308_1341,0.9588550871770163
2019_1308_1345,0.37285079032704566
2019_1308_1371,0.5288005855958742
2019_1308_1385,0.6159021414268161
2019_1308_1387,0.7176210637050662
2019_1308_1388,0.4987756087390963
2019_1308_1393,0.4417791270881588
2019_1308_1396,0.6197656276013054
2019_1308_1397,0.15183813354684172
2019_1308_1403,0.26019564485575764
2019_1308_1414,0.5249128891909369
2019_1308_1416,0.4874469731040143
2019_1308_1429,0.5370348412738682
2019_1308_1433,0.5177021912474096
2019_1308_1436,0.6815536609440461
2019_1308_1437,0.39619868655679363
2019_1308_1438,0.13717729843734186
2019_1308_1439,0.3193204451871283
2019_1308_1449,0.47713503590120304
2019_1308_1458,0.3205099388942854
2019_1308_1459,0.4825781281052494
2019_1308_1463,0.7986990141760882
2019_1314_1318,0.9714710738789186
2019_1314_1326,0.8565264318046119
2019_1314_1328,0.8445890748524186
2019_1314_1330,0.9346136500507872
2019_1314_1332,0.8645972273280251
2019_1314_1341,0.9493887763709283
2019_1314_1345,0.6678483639366849
2019_1314_1371,0.8980883794385702
2019_1314_1385,0.955268431344019
2019_1314_1387,0.9285221319206272
2019_1314_1388,0.8558511210351755
2019_1314_1393,0.8096569068583716
2019_1314_1396,0.9338816705301501
2019_1314_1397,0.48796610964122245
2019_1314_1403,0.6703286528457724
2019_1314_1414,0.8519325694459857
2019_1314_1416,0.8943145993976864
2019_1314_1429,0.8417905744955773
2019_1314_1433,0.90051551845333
2019_1314_1436,0.9394992786489206
2019_1314_1437,0.7661830686288779
2019_1314_1438,0.4336856187609499
2019_1314_1439,0.7388474021645541
2019_1314_1449,0.833590234695003
2019_1314_1458,0.7174388409797962
2019_1314_1459,0.7913109871563639
2019_1314_1463,0.9827557094316935
2019_1318_1326,0.25313226080496315
2019_1318_1328,0.2729840113963816
2019_1318_1330,0.3913231509607268
2019_1318_1332,0.23299790605131968
2019_1318_1341,0.8290822824986535
2019_1318_1345,0.08585183365128254
2019_1318_1371,0.3458423306198076
2019_1318_1385,0.39677625263845157
2019_1318_1387,0.4990873942463043
2019_1318_1388,0.27768541402678426
2019_1318_1393,0.2716828472059288
2019_1318_1396,0.36032016926639393
2019_1318_1397,0.037821443176557897
2019_1318_1403,0.06292920537829691
2019_1318_1414,0.2542750596726004
2019_1318_1416,0.2698186746137867
2019_1318_1429,0.23661507271953292
2019_1318_1433,0.266242548459097
2019_1318_1436,0.43896799211680343
2019_1318_1437,0.17919514407666548
2019_1318_1438,0.03176107566057922
2019_1318_1439,0.08266142476066772
2019_1318_1449,0.2031788652073544
2019_1318_1458,0.1162346919183953
2019_1318_1459,0.2089376963328495
2019_1318_1463,0.6438353265201018
2019_1326_1328,0.4836151565916691
2019_1326_1330,0.7276473314197118
2019_1326_1332,0.5019322915352221
2019_1326_1341,0.8246101703777157
2019_1326_1345,0.24109758800158734
2019_1326_1371,0.5460853676538321
2019_1326_1385,0.6057009654075101
2019_1326_1387,0.6831589881526118
2019_1326_1388,0.5576418858022574
2019_1326_1393,0.41006036823766256
2019_1326_1396,0.6892132810259867
2019_1326_1397,0.1772756714069472
2019_1326_1403,0.2582929663930757
2019_1326_1414,0.6454922833739892
2019_1326_1416,0.5773775280598744
2019_1326_1429,0.4725445603092181
2019_1326_1433,0.5018254832755162
2019_1326_1436,0.6985668393655273
2019_1326_1437,0.3010280152132821
2019_1326_1438,0.14758997330790297
2019_1326_1439,0.32792524250029925
2019_1326_1449,0.44369745131642735
2019_1326_1458,0.26558696385516406
2019_1326_1459,0.36376556401201754
2019_1326_1463,0.7758786317977932
2019_1328_1330,0.7174618623761031
2019_1328_1332,0.523020262622249
2019_1328_1341,0.839387722125247
2019_1328_1345,0.2624683852366185
2019_1328_1371,0.5869385614732918
2019_1328_1385,0.6253543732918591
2019_1328_1387,0.6822976384737716
2019_1328_1388,0.5502711897669643
2019_1328_1393,0.49413045769973096
2019_1328_1396,0.7089779122965274
2019_1328_1397,0.17905908899828943
2019_1328_1403,0.25644965111992174
2019_1328_1414,0.6544295916591508
2019_1328_1416,0.5477424547996385
2019_1328_1429,0.45871335435417604
2019_1328_1433,0.5132271655753754
2019_1328_1436,0.7152870827776946
2019_1328_1437,0.3477198817760508
2019_1328_1438,0.15377385029599364
2019_1328_1439,0.34681498625302587
2019_1328_1449,0.5232349672700639
2019_1328_1458,0.29820148038672467
2019_1328_1459,0.40240686832035755
2019_1328_1463,0.7762854711458776
2019_1330_1332,0.2627844390053076
2019_1330_1341,0.845999844637026
2019_1330_1345,0.15461019973488993
2019_1330_1371,0.37513838389432314
2019_1330_1385,0.44077704934156176
2019_1330_1387,0.5709096423983895
2019_1330_1388,0.3225805741924365
2019_1330_1393,0.33431726198540385
2019_1330_1396,0.42259639326614806
2019_1330_1397,0.046579969556203436
2019_1330_1403,0.0811380316275736
2019_1330_1414,0.3527139084015371
2019_1330_1416,0.3106738801877109
2019_1330_1429,0.25639063384989796
2019_1330_1433,0.29520321086036366
2019_1330_1436,0.4966784089750651
2019_1330_1437,0.18764372531468473
2019_1330_1438,0.06268668144361547
2019_1330_1439,0.1724020446150965
2019_1330_1449,0.18212111440156023
2019_1330_1458,0.1847267206300644
2019_1330_1459,0.2540096385241464
2019_1330_1463,0.6380223045617481
2019_1332_1341,0.9419095957589341
2019_1332_1345,0.19948357850799978
2019_1332_1371,0.5676804375183514
2019_1332_1385,0.5844759114196069
2019_1332_1387,0.6586954465204113
2019_1332_1388,0.5976880503305206
2019_1332_1393,0.5016368942646374
2019_1332_1396,0.5371834417917037
2019_1332_1397,0.13668068011279114
2019_1332_1403,0.25956607124887177
2019_1332_1414,0.6368757838104728
2019_1332_1416,0.5434607226972864
2019_1332_1429,0.4298150503856825
2019_1332_1433,0.4918897149398207
2019_1332_1436,0.6680549992374497
2019_1332_1437,0.37377959570413294
2019_1332_1438,0.09782309403536325
2019_1332_1439,0.32100662390561757
2019_1332_1449,0.3418096178303941
2019_1332_1458,0.2698009326548185
2019_1332_1459,0.34164173983688567
2019_1332_1463,0.7620504023692503
2019_1341_1345,0.084947505353068
2019_1341_1371,0.16440822265684688
2019_1341_1385,0.1216415011623777
2019_1341_1387,0.1391549805503933
2019_1341_1388,0.08479865105050623
2019_1341_1393,0.13658521744065613
2019_1341_1396,0.09161229132107984
2019_1341_1397,0.054184155929203504
2019_1341_1403,0.06679494744913288
2019_1341_1414,0.07906685706860828
2019_1341_1416,0.08005415582192202
2019_1341_1429,0.058094152400400355
2019_1341_1433,0.07650111044016515
2019_1341_1436,0.13589902481500785
2019_1341_1437,0.06438454995696144
2019_1341_1438,0.051988349203050545
2019_1341_1439,0.05675773799800265
2019_1341_1449,0.05018248096825505
2019_1341_1458,0.06456198985603234
2019_1341_1459,0.041180817983516145
2019_1341_1463,0.1407638927533229
2019_1345_1371,0.7404736950625481
2019_1345_1385,0.8525203539102837
2019_1345_1387,0.8642512577241694
2019_1345_1388,0.7346728058852875
2019_1345_1393,0.6970309693176328
2019_1345_1396,0.8357453523638211
2019_1345_1397,0.2539313389317744
2019_1345_1403,0.4663964684052811
2019_1345_1414,0.7214371167780959
2019_1345_1416,0.7367143843589213
2019_1345_1429,0.7460765213606081
2019_1345_1433,0.7456651887778429
2019_1345_1436,0.8329357288581002
2019_1345_1437,0.6345271573441397
2019_1345_1438,0.2556771804285802
2019_1345_1439,0.5301799418007987
2019_1345_1449,0.6498182242715169
2019_1345_1458,0.511305548236415
2019_1345_1459,0.7197524562569269
2019_1345_1463,0.9829001276685523
2019_1371_1385,0.5460518707622009
2019_1371_1387,0.7432558272530614
2019_1371_1388,0.5166807654592386
2019_1371_1393,0.4629222529239039
2019_1371_1396,0.5830957857114468
2019_1371_1397,0.14790822339738058
2019_1371_1403,0.2322010932223296
2019_1371_1414,0.6332614180285497
2019_1371_1416,0.4622735445575058
2019_1371_1429,0.29678527136539695
2019_1371_1433,0.41411176423666485
2019_1371_1436,0.6980786375343153
2019_1371_1437,0.3378435557417957
2019_1371_1438,0.09817537689020736
2019_1371_1439,0.29426126384644374
2019_1371_1449,0.28267191522738233
2019_1371_1458,0.25277473139760415
2019_1371_1459,0.27317159445167305
2019_1371_1463,0.799611330292687
2019_1385_1387,0.6607676314345186
2019_1385_1388,0.47890684004719053
2019_1385_1393,0.34444914317267655
2019_1385_1396,0.47208086269345184
2019_1385_1397,0.08008420295897115
2019_1385_1403,0.15789795768157208
2019_1385_1414,0.5549802269832196
2019_1385_1416,0.4692605531452995
2019_1385_1429,0.2915480442501041
2019_1385_1433,0.39797408029111647
2019_1385_1436,0.6509466822210674
2019_1385_1437,0.268754417962274
2019_1385_1438,0.035047466679037735
2019_1385_1439,0.24359359956405985
2019_1385_1449,0.25735826940086737
2019_1385_1458,0.20314325909914935
2019_1385_1459,0.25336484967201356
2019_1385_1463,0.7868633114742795
2019_1387_1388,0.3199749470222308
2019_1387_1393,0.2623359887982417
2019_1387_1396,0.3761501712412231
2019_1387_1397,0.03754792477044808
2019_1387_1403,0.054780023219798794
2019_1387_1414,0.29978802906607727
2019_1387_1416,0.32032252859135096
2019_1387_1429,0.2533368676915551
2019_1387_1433,0.3165493702380119
2019_1387_1436,0.4205143885751163
2019_1387_1437,0.1735909135157608
2019_1387_1438,0.04373117488070676
2019_1387_1439,0.11117019384884536
2019_1387_1449,0.1993313141828494
2019_1387_1458,0.08559894185752354
2019_1387_1459,0.23975277345373655
2019_1387_1463,0.6283589460694429
2019_1388_1393,0.43309602312013223
2019_1388_1396,0.4891275558184363
2019_1388_1397,0.14675812423882115
2019_1388_1403,0.21871958182598628
2019_1388_1414,0.61145592783675
2019_1388_1416,0.4325977471020825
2019_1388_1429,0.39093746021947795
2019_1388_1433,0.43590234439000103
2019_1388_1436,0.629617469070409
2019_1388_1437,0.35746152347281895
2019_1388_1438,0.09850745896643112
2019_1388_1439,0.29760536925515385
2019_1388_1449,0.31944464282306173
2019_1388_1458,0.2150286885515726
2019_1388_1459,0.32634258536244437
2019_1388_1463,0.7774745471343806
2019_1393_1396,0.6842089098775955
2019_1393_1397,0.19342274997394415
2019_1393_1403,0.27303960413947814
2019_1393_1414,0.6713253260900353
2019_1393_1416,0.5867097724434657
2019_1393_1429,0.4729000897422959
2019_1393_1433,0.5618944578884368
2019_1393_1436,0.6990208838173572
2019_1393_1437,0.35902753168820417
2019_1393_1438,0.1578829129225326
2019_1393_1439,0.3315161021260279
2019_1393_1449,0.4855305289083012
2019_1393_1458,0.3453665537625901
2019_1393_1459,0.3682212605977852
2019_1393_1463,0.7857113481578977
2019_1396_1397,0.10075344360271433
2019_1396_1403,0.1708121065094731
2019_1396_1414,0.454351480249112
2019_1396_1416,0.45597802073243865
2019_1396_1429,0.343448026518263
2019_1396_1433,0.47165372688405083
2019_1396_1436,0.5897183691368164
2019_1396_1437,0.3016319331614886
2019_1396_1438,0.04882958418527055
2019_1396_1439,0.23882354627376393
2019_1396_1449,0.34255979163935363
2019_1396_1458,0.19392606877508753
2019_1396_1459,0.2753970049083508
2019_1396_1463,0.8298727476843791
2019_1397_1403,0.6923902238889492
2019_1397_1414,0.9008192057374926
2019_1397_1416,0.8372682333106887
2019_1397_1429,0.7912518872284017
2019_1397_1433,0.8487983488079754
2019_1397_1436,0.9792964430166408
2019_1397_1437,0.7414592363640499
2019_1397_1438,0.47793802185798684
2019_1397_1439,0.7573562292979231
2019_1397_1449,0.7422295908297774
2019_1397_1458,0.7050325641054226
2019_1397_1459,0.7709311812686009
2019_1397_1463,1.0
2019_1403_1414,0.8195511750785277
2019_1403_1416,0.7509836810645819
2019_1403_1429,0.7679645848931604
2019_1403_1433,0.7652360130514673
2019_1403_1436,0.9159962420246905
2019_1403_1437,0.5742439468084806
2019_1403_1438,0.3119219534157132
2019_1403_1439,0.6081760723649255
2019_1403_1449,0.6367986191013981
2019_1403_1458,0.5385748779100064
2019_1403_1459,0.7016239043982974
2019_1403_1463,0.9526591097516526
2019_1414_1416,0.42218347292327885
2019_1414_1429,0.4329665049578446
2019_1414_1433,0.38349337463098115
2019_1414_1436,0.6782328153248405
2019_1414_1437,0.4283320499904827
2019_1414_1438,0.12015871773592432
2019_1414_1439,0.282642910108362
2019_1414_1449,0.35384235281808135
2019_1414_1458,0.3962270757950599
2019_1414_1459,0.3386768796237966
2019_1414_1463,0.7218306558248067
2019_1416_1429,0.4100135082511379
2019_1416_1433,0.45069010043773067
2019_1416_1436,0.6429314300452468
2019_1416_1437,0.382078161803271
2019_1416_1438,0.10304242568130971
2019_1416_1439,0.3178696605631044
2019_1416_1449,0.33230814989669066
2019_1416_1458,0.23039080005364088
2019_1416_1459,0.2771771937614499
2019_1416_1463,0.8319114058529927
2019_1429_1433,0.5740316305814338
2019_1429_1436,0.7216300764313306
2019_1429_1437,0.37336695862294444
2019_1429_1438,0.09201287929597703
2019_1429_1439,0.3026193615943091
2019_1429_1449,0.4168691842702952
2019_1429_1458,0.34304707650771005
2019_1429_1459,0.4517760548324351
2019_1429_1463,0.8317440035949988
2019_1433_1436,0.6835794007354599
2019_1433_1437,0.3707972181786434
2019_1433_1438,0.09035432411427598
2019_1433_1439,0.31348384416086733
2019_1433_1449,0.3852405617140144
2019_1433_1458,0.34848391041967625
2019_1433_1459,0.3423600472847009
2019_1433_1463,0.761719249513114
2019_1436_1437,0.22806372436315384
2019_1436_1438,0.052061122890175296
2019_1436_1439,0.17540570511268896
2019_1436_1449,0.2937602811118999
2019_1436_1458,0.26881364678713676
2019_1436_1459,0.23769577912939255
2019_1436_1463,0.6164111466661146
2019_1437_1438,0.21814104792635344
2019_1437_1439,0.49201546901319665
2019_1437_1449,0.5273931559157415
2019_1437_1458,0.5048176784506812
2019_1437_1459,0.5480267494702045
2019_1437_1463,0.8447807721107184
2019_1438_1439,0.7534516854733656
2019_1438_1449,0.846281493146647
2019_1438_1458,0.7660330424681044
2019_1438_1459,0.8159336948423862
2019_1438_1463,0.9734776657528641
2019_1439_1449,0.5403233597532615
2019_1439_1458,0.4672450663119991
2019_1439_1459,0.6653985332598596
2019_1439_1463,0.9348662500905661
2019_1449_1458,0.3814518368048332
2019_1449_1459,0.5107282902974372
2019_1449_1463,0.9224467082068232
2019_1458_1459,0.7276198005143524
2019_1458_1463,0.9407745844933423
2019_1459_1463,0.8716272844418735
